Created,LastAccessed,Modified,Size,SourceFile,_Source
2021-07-11T11:45:50.9718141Z,2021-07-11T11:45:50.9718141Z,2021-07-11T11:45:50.9718141Z,2166784,C:\Windows\System32\winevt\Logs\Application.evtx,Windows.Collectors.File/All Matches Metadata
2021-06-17T17:29:01.7298824Z,2021-07-08T02:09:37.2834722Z,2021-06-17T17:29:01.7298824Z,69632,C:\Windows\System32\winevt\Logs\HardwareEvents.evtx,Windows.Collectors.File/All Matches Metadata
2021-06-17T17:29:01.7298824Z,2021-07-08T02:09:38.892839Z,2021-06-17T17:29:01.7298824Z,69632,C:\Windows\System32\winevt\Logs\Internet Explorer.evtx,Windows.Collectors.File/All Matches Metadata
2021-06-17T17:29:01.7298824Z,2021-07-08T02:09:42.4085136Z,2021-06-17T17:29:01.7298824Z,69632,C:\Windows\System32\winevt\Logs\Key Management Service.evtx,Windows.Collectors.File/All Matches Metadata
2021-07-10T16:07:41.5875357Z,2021-07-10T16:07:41.5875357Z,2021-07-10T16:07:41.5875357Z,1052672,C:\Windows\System32\winevt\Logs\Microsoft-Client-Licensing-Platform%4Admin.evtx,Windows.Collectors.File/All Matches Metadata
2021-07-11T12:38:57.8649092Z,2021-07-11T12:38:57.8649092Z,2021-07-11T12:38:57.8649092Z,1052672,C:\Windows\System32\winevt\Logs\Microsoft-Windows-AAD%4Operational.evtx,Windows.Collectors.File/All Matches Metadata
2021-07-08T02:12:34.689704Z,2021-07-08T02:12:34.689704Z,2021-07-08T02:12:34.689704Z,1052672,C:\Windows\System32\winevt\Logs\Microsoft-Windows-AppModel-Runtime%4Admin.evtx,Windows.Collectors.File/All Matches Metadata
2021-07-08T02:23:27.4409564Z,2021-07-08T02:23:27.4409564Z,2021-07-08T02:23:27.4409564Z,1118208,C:\Windows\System32\winevt\Logs\Microsoft-Windows-AppReadiness%4Admin.evtx,Windows.Collectors.File/All Matches Metadata
2021-07-08T02:23:27.4409564Z,2021-07-08T02:23:27.4409564Z,2021-07-08T02:23:27.4409564Z,69632,C:\Windows\System32\winevt\Logs\Microsoft-Windows-AppReadiness%4Operational.evtx,Windows.Collectors.File/All Matches Metadata
2021-07-11T12:30:12.3594761Z,2021-07-11T12:30:12.3594761Z,2021-07-11T12:30:12.3594761Z,1052672,C:\Windows\System32\winevt\Logs\Microsoft-Windows-AppXDeployment%4Operational.evtx,Windows.Collectors.File/All Matches Metadata
2021-07-08T02:20:06.4626335Z,2021-07-08T02:20:06.4626335Z,2021-07-08T02:20:06.4626335Z,5246976,C:\Windows\System32\winevt\Logs\Microsoft-Windows-AppXDeploymentServer%4Operational.evtx,Windows.Collectors.File/All Matches Metadata
2021-06-17T17:29:01.7142594Z,2021-07-08T02:19:06.2257849Z,2021-06-17T17:29:01.7142594Z,69632,C:\Windows\System32\winevt\Logs\Microsoft-Windows-AppXDeploymentServer%4Restricted.evtx,Windows.Collectors.File/All Matches Metadata
2021-06-17T17:29:01.7298824Z,2021-07-08T02:22:24.9145115Z,2021-06-17T17:29:01.7298824Z,69632,C:\Windows\System32\winevt\Logs\Microsoft-Windows-Application-Experience%4Program-Compatibility-Assistant.evtx,Windows.Collectors.File/All Matches Metadata
2021-06-18T07:21:51.946819Z,2021-06-20T13:01:42.4289435Z,2021-06-18T07:21:51.946819Z,69632,C:\Windows\System32\winevt\Logs\Microsoft-Windows-Application-Experience%4Program-Compatibility-Troubleshooter.evtx,Windows.Collectors.File/All Matches Metadata
2021-06-18T07:21:51.946819Z,2021-06-20T13:01:42.1476686Z,2021-06-18T07:21:51.946819Z,69632,C:\Windows\System32\winevt\Logs\Microsoft-Windows-Application-Experience%4Program-Inventory.evtx,Windows.Collectors.File/All Matches Metadata
2021-07-11T12:34:14.3197982Z,2021-07-11T12:34:14.3197982Z,2021-07-11T12:34:14.3197982Z,69632,C:\Windows\System32\winevt\Logs\Microsoft-Windows-Application-Experience%4Program-Telemetry.evtx,Windows.Collectors.File/All Matches Metadata
2021-06-18T07:21:51.946819Z,2021-06-20T13:01:42.2414933Z,2021-06-18T07:21:51.946819Z,69632,C:\Windows\System32\winevt\Logs\Microsoft-Windows-Application-Experience%4Steps-Recorder.evtx,Windows.Collectors.File/All Matches Metadata
2021-07-09T11:23:39.0333783Z,2021-07-09T11:23:39.0333783Z,2021-07-09T11:23:39.0333783Z,1052672,C:\Windows\System32\winevt\Logs\Microsoft-Windows-AppxPackaging%4Operational.evtx,Windows.Collectors.File/All Matches Metadata
2021-06-18T07:21:51.946819Z,2021-06-18T07:21:51.946819Z,2021-06-18T07:21:51.946819Z,69632,C:\Windows\System32\winevt\Logs\Microsoft-Windows-Authentication User Interface%4Operational.evtx,Windows.Collectors.File/All Matches Metadata
2021-07-11T12:35:26.059803Z,2021-07-11T12:35:26.059803Z,2021-07-11T12:35:26.059803Z,69632,C:\Windows\System32\winevt\Logs\Microsoft-Windows-BackgroundTaskInfrastructure%4Operational.evtx,Windows.Collectors.File/All Matches Metadata
2021-06-19T19:41:08.3864246Z,2021-06-19T19:41:08.3864246Z,2021-06-19T19:41:08.3864246Z,69632,C:\Windows\System32\winevt\Logs\Microsoft-Windows-Biometrics%4Operational.evtx,Windows.Collectors.File/All Matches Metadata
2021-07-08T10:41:51.7916363Z,2021-07-08T10:41:51.7916363Z,2021-07-08T10:41:51.7916363Z,69632,C:\Windows\System32\winevt\Logs\Microsoft-Windows-BitLocker%4BitLocker Management.evtx,Windows.Collectors.File/All Matches Metadata
2021-07-08T08:47:11.7114269Z,2021-07-08T08:47:11.7114269Z,2021-07-08T08:47:11.7114269Z,1052672,C:\Windows\System32\winevt\Logs\Microsoft-Windows-Bits-Client%4Operational.evtx,Windows.Collectors.File/All Matches Metadata
2021-07-11T12:29:12.9104854Z,2021-07-11T12:29:12.9104854Z,2021-07-11T12:29:12.9104854Z,69632,C:\Windows\System32\winevt\Logs\Microsoft-Windows-CloudStore%4Operational.evtx,Windows.Collectors.File/All Matches Metadata
2021-07-08T02:12:49.5803382Z,2021-07-08T02:12:49.5803382Z,2021-07-08T02:12:49.5803382Z,69632,C:\Windows\System32\winevt\Logs\Microsoft-Windows-CodeIntegrity%4Operational.evtx,Windows.Collectors.File/All Matches Metadata
2021-07-08T02:13:11.9031434Z,2021-07-08T02:13:11.9031434Z,2021-07-08T02:13:11.9031434Z,69632,C:\Windows\System32\winevt\Logs\Microsoft-Windows-Containers-BindFlt%4Operational.evtx,Windows.Collectors.File/All Matches Metadata
2021-07-08T02:13:08.517832Z,2021-07-08T02:13:08.517832Z,2021-07-08T02:13:08.517832Z,69632,C:\Windows\System32\winevt\Logs\Microsoft-Windows-Containers-Wcifs%4Operational.evtx,Windows.Collectors.File/All Matches Metadata
2021-07-11T12:59:30.3866772Z,2021-07-11T12:59:30.3866772Z,2021-07-11T12:59:30.3866772Z,69632,C:\Windows\System32\winevt\Logs\Microsoft-Windows-CoreSystem-SmsRouter-Events%4Operational.evtx,Windows.Collectors.File/All Matches Metadata
2021-06-17T17:29:01.7142594Z,2021-07-08T02:11:59.3772096Z,2021-06-17T17:29:01.7142594Z,69632,C:\Windows\System32\winevt\Logs\Microsoft-Windows-Crypto-DPAPI%4BackUpKeySvc.evtx,Windows.Collectors.File/All Matches Metadata
2021-07-08T02:12:59.3928392Z,2021-07-08T02:12:59.3928392Z,2021-07-08T02:12:59.3928392Z,69632,C:\Windows\System32\winevt\Logs\Microsoft-Windows-Crypto-DPAPI%4Operational.evtx,Windows.Collectors.File/All Matches Metadata
2021-07-08T02:13:08.0334875Z,2021-07-08T02:13:08.0334875Z,2021-07-08T02:13:08.0334875Z,69632,C:\Windows\System32\winevt\Logs\Microsoft-Windows-Crypto-NCrypt%4Operational.evtx,Windows.Collectors.File/All Matches Metadata
2021-06-18T20:47:35.7726514Z,2021-06-18T20:47:35.7726514Z,2021-06-18T20:47:35.7726514Z,69632,C:\Windows\System32\winevt\Logs\Microsoft-Windows-DeviceManagement-Enterprise-Diagnostics-Provider%4Admin.evtx,Windows.Collectors.File/All Matches Metadata
2021-07-11T12:59:29.3518924Z,2021-07-11T12:59:29.3518924Z,2021-07-11T12:59:29.3518924Z,1052672,C:\Windows\System32\winevt\Logs\Microsoft-Windows-DeviceManagement-Enterprise-Diagnostics-Provider%4Operational.evtx,Windows.Collectors.File/All Matches Metadata
2021-07-08T01:14:27.7465777Z,2021-07-08T01:14:27.7465777Z,2021-07-08T01:14:27.7465777Z,69632,C:\Windows\System32\winevt\Logs\Microsoft-Windows-DeviceSetupManager%4Admin.evtx,Windows.Collectors.File/All Matches Metadata
2021-07-08T01:14:27.7309648Z,2021-07-08T01:14:27.7309648Z,2021-07-08T01:14:27.7309648Z,69632,C:\Windows\System32\winevt\Logs\Microsoft-Windows-DeviceSetupManager%4Operational.evtx,Windows.Collectors.File/All Matches Metadata
2021-06-18T20:47:35.7726514Z,2021-07-08T02:12:11.0334591Z,2021-06-18T20:47:35.7726514Z,69632,C:\Windows\System32\winevt\Logs\Microsoft-Windows-Dhcp-Client%4Admin.evtx,Windows.Collectors.File/All Matches Metadata
2021-06-17T17:29:01.7142594Z,2021-07-08T02:12:13.1272306Z,2021-06-17T17:29:01.7142594Z,69632,C:\Windows\System32\winevt\Logs\Microsoft-Windows-Dhcpv6-Client%4Admin.evtx,Windows.Collectors.File/All Matches Metadata
2021-07-08T02:13:29.2522442Z,2021-07-08T02:13:29.2522442Z,2021-07-08T02:13:29.2522442Z,1052672,C:\Windows\System32\winevt\Logs\Microsoft-Windows-Diagnosis-DPS%4Operational.evtx,Windows.Collectors.File/All Matches Metadata
2021-06-18T07:21:51.8999415Z,2021-07-11T12:35:39.0475405Z,2021-06-18T07:21:51.8999415Z,69632,C:\Windows\System32\winevt\Logs\Microsoft-Windows-Diagnosis-Scheduled%4Operational.evtx,Windows.Collectors.File/All Matches Metadata
2021-07-11T12:59:03.3941773Z,2021-07-11T12:59:03.3941773Z,2021-07-11T12:59:03.3941773Z,69632,C:\Windows\System32\winevt\Logs\Microsoft-Windows-Diagnosis-Scripted%4Admin.evtx,Windows.Collectors.File/All Matches Metadata
2021-07-11T12:58:58.250923Z,2021-07-11T12:58:58.250923Z,2021-07-11T12:58:58.250923Z,69632,C:\Windows\System32\winevt\Logs\Microsoft-Windows-Diagnosis-Scripted%4Operational.evtx,Windows.Collectors.File/All Matches Metadata
2021-06-18T20:47:35.7726514Z,2021-06-18T20:47:35.7726514Z,2021-06-18T20:47:35.7726514Z,69632,C:\Windows\System32\winevt\Logs\Microsoft-Windows-Diagnostics-Performance%4Operational.evtx,Windows.Collectors.File/All Matches Metadata
2021-07-08T01:14:27.7309648Z,2021-07-08T01:14:27.7309648Z,2021-07-08T01:14:27.7309648Z,69632,C:\Windows\System32\winevt\Logs\Microsoft-Windows-DiskDiagnosticDataCollector%4Operational.evtx,Windows.Collectors.File/All Matches Metadata
2021-06-18T07:21:51.8999415Z,2021-07-11T12:35:40.539247Z,2021-06-18T07:21:51.8999415Z,69632,C:\Windows\System32\winevt\Logs\Microsoft-Windows-FileHistory-Core%4WHC.evtx,Windows.Collectors.File/All Matches Metadata
2021-07-08T01:14:27.7309648Z,2021-07-08T01:14:27.7309648Z,2021-07-08T01:14:27.7309648Z,69632,C:\Windows\System32\winevt\Logs\Microsoft-Windows-Forwarding%4Operational.evtx,Windows.Collectors.File/All Matches Metadata
2021-07-11T11:35:23.1659814Z,2021-07-11T11:35:23.1659814Z,2021-07-11T11:35:23.1659814Z,4198400,C:\Windows\System32\winevt\Logs\Microsoft-Windows-GroupPolicy%4Operational.evtx,Windows.Collectors.File/All Matches Metadata
2021-07-08T02:34:48.4748445Z,2021-07-08T02:34:48.4748445Z,2021-07-08T02:34:48.4748445Z,69632,C:\Windows\System32\winevt\Logs\Microsoft-Windows-HelloForBusiness%4Operational.evtx,Windows.Collectors.File/All Matches Metadata
2021-06-17T17:29:01.7142594Z,2021-07-08T02:09:56.3772138Z,2021-06-17T17:29:01.7142594Z,69632,C:\Windows\System32\winevt\Logs\Microsoft-Windows-HotspotAuth%4Operational.evtx,Windows.Collectors.File/All Matches Metadata
2021-07-08T01:14:27.7309648Z,2021-07-08T01:14:27.7309648Z,2021-07-08T01:14:27.7309648Z,69632,C:\Windows\System32\winevt\Logs\Microsoft-Windows-IKE%4Operational.evtx,Windows.Collectors.File/All Matches Metadata
2021-07-08T02:11:09.8928293Z,2021-07-08T02:11:09.8928293Z,2021-07-08T02:11:09.8928293Z,69632,C:\Windows\System32\winevt\Logs\Microsoft-Windows-Kernel-Boot%4Operational.evtx,Windows.Collectors.File/All Matches Metadata
2021-07-09T14:10:46.1812998Z,2021-07-09T14:10:46.1812998Z,2021-07-09T14:10:46.1812998Z,69632,C:\Windows\System32\winevt\Logs\Microsoft-Windows-Kernel-EventTracing%4Admin.evtx,Windows.Collectors.File/All Matches Metadata
2021-06-19T19:41:08.3864246Z,2021-07-08T02:12:03.8147102Z,2021-06-19T19:41:08.3864246Z,1052672,C:\Windows\System32\winevt\Logs\Microsoft-Windows-Kernel-PnP%4Configuration.evtx,Windows.Collectors.File/All Matches Metadata
2021-07-08T02:13:04.9397146Z,2021-07-08T02:13:04.9397146Z,2021-07-08T02:13:04.9397146Z,69632,C:\Windows\System32\winevt\Logs\Microsoft-Windows-Kernel-PnP%4Driver Watchdog.evtx,Windows.Collectors.File/All Matches Metadata
2021-06-17T17:29:01.7142594Z,2021-07-08T02:09:52.4241018Z,2021-06-17T17:29:01.7142594Z,69632,C:\Windows\System32\winevt\Logs\Microsoft-Windows-Kernel-Power%4Thermal-Operational.evtx,Windows.Collectors.File/All Matches Metadata
2021-07-08T02:11:47.6428365Z,2021-07-08T02:11:47.6428365Z,2021-07-08T02:11:47.6428365Z,69632,C:\Windows\System32\winevt\Logs\Microsoft-Windows-Kernel-ShimEngine%4Operational.evtx,Windows.Collectors.File/All Matches Metadata
2021-06-17T17:29:01.7142594Z,2021-07-08T02:14:07.9553463Z,2021-06-17T17:29:01.7142594Z,69632,C:\Windows\System32\winevt\Logs\Microsoft-Windows-Kernel-StoreMgr%4Operational.evtx,Windows.Collectors.File/All Matches Metadata
2021-06-17T17:29:01.7142594Z,2021-07-08T02:10:38.7990702Z,2021-06-17T17:29:01.7142594Z,69632,C:\Windows\System32\winevt\Logs\Microsoft-Windows-Kernel-WHEA%4Errors.evtx,Windows.Collectors.File/All Matches Metadata
2021-07-08T02:11:49.5803279Z,2021-07-08T02:11:49.5803279Z,2021-07-08T02:11:49.5803279Z,1118208,C:\Windows\System32\winevt\Logs\Microsoft-Windows-Kernel-WHEA%4Operational.evtx,Windows.Collectors.File/All Matches Metadata
2021-06-18T20:47:35.7726514Z,2021-06-18T20:47:35.7726514Z,2021-06-18T20:47:35.7726514Z,69632,C:\Windows\System32\winevt\Logs\Microsoft-Windows-KeyboardFilter%4Admin.evtx,Windows.Collectors.File/All Matches Metadata
2021-07-09T20:52:38.4886301Z,2021-07-09T20:52:38.4886301Z,2021-07-09T20:52:38.4886301Z,1052672,C:\Windows\System32\winevt\Logs\Microsoft-Windows-Known Folders API Service.evtx,Windows.Collectors.File/All Matches Metadata
2021-07-10T16:23:32.8313065Z,2021-07-10T16:23:32.8313065Z,2021-07-10T16:23:32.8313065Z,69632,C:\Windows\System32\winevt\Logs\Microsoft-Windows-LanguagePackSetup%4Operational.evtx,Windows.Collectors.File/All Matches Metadata
2021-07-09T20:19:37.0396062Z,2021-07-09T20:19:37.0396062Z,2021-07-09T20:19:37.0396062Z,1052672,C:\Windows\System32\winevt\Logs\Microsoft-Windows-LiveId%4Operational.evtx,Windows.Collectors.File/All Matches Metadata
2021-06-18T07:21:51.8999415Z,2021-06-18T07:21:51.8999415Z,2021-06-18T07:21:51.8999415Z,69632,C:\Windows\System32\winevt\Logs\Microsoft-Windows-MUI%4Admin.evtx,Windows.Collectors.File/All Matches Metadata
2021-06-18T07:21:51.8530672Z,2021-06-18T07:21:51.8530672Z,2021-06-18T07:21:51.8530672Z,69632,C:\Windows\System32\winevt\Logs\Microsoft-Windows-MUI%4Operational.evtx,Windows.Collectors.File/All Matches Metadata
2021-06-18T07:21:51.8999415Z,2021-06-18T07:21:51.8999415Z,2021-06-18T07:21:51.8999415Z,69632,C:\Windows\System32\winevt\Logs\Microsoft-Windows-ModernDeployment-Diagnostics-Provider%4Admin.evtx,Windows.Collectors.File/All Matches Metadata
2021-06-18T07:21:51.8999415Z,2021-06-18T07:21:51.8999415Z,2021-06-18T07:21:51.8999415Z,69632,C:\Windows\System32\winevt\Logs\Microsoft-Windows-ModernDeployment-Diagnostics-Provider%4Autopilot.evtx,Windows.Collectors.File/All Matches Metadata
2021-06-18T07:21:51.8999415Z,2021-06-18T07:21:51.8999415Z,2021-06-18T07:21:51.8999415Z,69632,C:\Windows\System32\winevt\Logs\Microsoft-Windows-ModernDeployment-Diagnostics-Provider%4ManagementService.evtx,Windows.Collectors.File/All Matches Metadata
2021-07-08T07:45:31.8220861Z,2021-07-08T07:45:31.8220861Z,2021-07-08T07:45:31.8220861Z,69632,C:\Windows\System32\winevt\Logs\Microsoft-Windows-NCSI%4Operational.evtx,Windows.Collectors.File/All Matches Metadata
2021-07-08T07:45:31.8220861Z,2021-07-08T07:45:31.8220861Z,2021-07-08T07:45:31.8220861Z,69632,C:\Windows\System32\winevt\Logs\Microsoft-Windows-NetworkProfile%4Operational.evtx,Windows.Collectors.File/All Matches Metadata
2021-07-08T02:12:39.8459596Z,2021-07-08T02:12:39.8459596Z,2021-07-08T02:12:39.8459596Z,69632,C:\Windows\System32\winevt\Logs\Microsoft-Windows-NlaSvc%4Operational.evtx,Windows.Collectors.File/All Matches Metadata
2021-07-11T11:20:20.9417931Z,2021-07-11T11:20:20.9417931Z,2021-07-11T11:20:20.9417931Z,2166784,C:\Windows\System32\winevt\Logs\Microsoft-Windows-Ntfs%4Operational.evtx,Windows.Collectors.File/All Matches Metadata
2021-07-08T02:20:10.0942747Z,2021-07-11T12:35:40.9004725Z,2021-07-08T02:20:10.0942747Z,69632,C:\Windows\System32\winevt\Logs\Microsoft-Windows-Ntfs%4WHC.evtx,Windows.Collectors.File/All Matches Metadata
2021-07-08T02:12:32.674089Z,2021-07-08T02:12:32.674089Z,2021-07-08T02:12:32.674089Z,69632,C:\Windows\System32\winevt\Logs\Microsoft-Windows-Partition%4Diagnostic.evtx,Windows.Collectors.File/All Matches Metadata
2021-06-18T07:21:51.8530672Z,2021-06-20T10:40:33.612755Z,2021-06-18T07:21:51.8530672Z,69632,C:\Windows\System32\winevt\Logs\Microsoft-Windows-PowerShell%4Admin.evtx,Windows.Collectors.File/All Matches Metadata
2021-07-11T13:35:43.3254045Z,2021-07-11T13:35:43.3254045Z,2021-07-11T13:35:43.3254045Z,2166784,C:\Windows\System32\winevt\Logs\Microsoft-Windows-PowerShell%4Operational.evtx,Windows.Collectors.File/All Matches Metadata
2021-06-19T19:41:08.3864246Z,2021-07-08T02:20:31.5645531Z,2021-06-19T19:41:08.3864246Z,1118208,C:\Windows\System32\winevt\Logs\Microsoft-Windows-Privacy-Auditing%4Operational.evtx,Windows.Collectors.File/All Matches Metadata
2021-06-17T17:29:01.7142594Z,2021-07-08T02:22:25.8394982Z,2021-06-17T17:29:01.7142594Z,69632,C:\Windows\System32\winevt\Logs\Microsoft-Windows-Program-Compatibility-Assistant%4CompatAfterUpgrade.evtx,Windows.Collectors.File/All Matches Metadata
2021-07-11T12:58:57.0460965Z,2021-07-11T12:58:57.0460965Z,2021-07-11T12:58:57.0460965Z,1052672,C:\Windows\System32\winevt\Logs\Microsoft-Windows-Provisioning-Diagnostics-Provider%4Admin.evtx,Windows.Collectors.File/All Matches Metadata
2021-06-17T17:29:01.7142594Z,2021-06-20T13:07:50.5427623Z,2021-06-17T17:29:01.7142594Z,69632,C:\Windows\System32\winevt\Logs\Microsoft-Windows-Provisioning-Diagnostics-Provider%4AutoPilot.evtx,Windows.Collectors.File/All Matches Metadata
2021-06-17T17:29:01.7142594Z,2021-06-20T13:07:50.5427623Z,2021-06-17T17:29:01.7142594Z,69632,C:\Windows\System32\winevt\Logs\Microsoft-Windows-Provisioning-Diagnostics-Provider%4ManagementService.evtx,Windows.Collectors.File/All Matches Metadata
2021-06-18T07:21:51.8530672Z,2021-07-08T02:10:46.9709613Z,2021-06-18T07:21:51.8530672Z,69632,C:\Windows\System32\winevt\Logs\Microsoft-Windows-PushNotification-Platform%4Admin.evtx,Windows.Collectors.File/All Matches Metadata
2021-07-08T07:50:31.8321885Z,2021-07-08T07:50:31.8321885Z,2021-07-08T07:50:31.8321885Z,1052672,C:\Windows\System32\winevt\Logs\Microsoft-Windows-PushNotification-Platform%4Operational.evtx,Windows.Collectors.File/All Matches Metadata
2021-07-09T21:19:39.1905655Z,2021-07-09T21:19:39.1905655Z,2021-07-09T21:19:39.1905655Z,69632,C:\Windows\System32\winevt\Logs\Microsoft-Windows-ReadyBoost%4Operational.evtx,Windows.Collectors.File/All Matches Metadata
2021-06-19T19:41:08.3864246Z,2021-06-19T19:41:08.3864246Z,2021-06-19T19:41:08.3864246Z,69632,C:\Windows\System32\winevt\Logs\Microsoft-Windows-RemoteAssistance%4Admin.evtx,Windows.Collectors.File/All Matches Metadata
2021-07-08T01:14:27.5278402Z,2021-07-08T01:14:27.5278402Z,2021-07-08T01:14:27.5278402Z,69632,C:\Windows\System32\winevt\Logs\Microsoft-Windows-RemoteAssistance%4Operational.evtx,Windows.Collectors.File/All Matches Metadata
2021-07-08T02:22:07.0957764Z,2021-07-08T02:22:07.0957764Z,2021-07-08T02:22:07.0957764Z,69632,C:\Windows\System32\winevt\Logs\Microsoft-Windows-Resource-Exhaustion-Detector%4Operational.evtx,Windows.Collectors.File/All Matches Metadata
2021-07-08T01:14:27.5278402Z,2021-07-08T01:14:27.5278402Z,2021-07-08T01:14:27.5278402Z,69632,C:\Windows\System32\winevt\Logs\Microsoft-Windows-Resource-Exhaustion-Resolver%4Operational.evtx,Windows.Collectors.File/All Matches Metadata
2021-06-18T07:21:51.8530672Z,2021-06-19T19:42:35.5035727Z,2021-06-18T07:21:51.8530672Z,69632,C:\Windows\System32\winevt\Logs\Microsoft-Windows-RestartManager%4Operational.evtx,Windows.Collectors.File/All Matches Metadata
2021-06-17T17:29:01.7142594Z,2021-07-08T02:12:27.5178558Z,2021-06-17T17:29:01.7142594Z,69632,C:\Windows\System32\winevt\Logs\Microsoft-Windows-SMBClient%4Operational.evtx,Windows.Collectors.File/All Matches Metadata
2021-06-17T17:29:01.7142594Z,2021-07-08T02:13:52.2678561Z,2021-06-17T17:29:01.7142594Z,69632,C:\Windows\System32\winevt\Logs\Microsoft-Windows-SMBServer%4Audit.evtx,Windows.Collectors.File/All Matches Metadata
2021-06-17T17:29:01.7142594Z,2021-07-08T02:13:51.9241025Z,2021-06-17T17:29:01.7142594Z,69632,C:\Windows\System32\winevt\Logs\Microsoft-Windows-SMBServer%4Connectivity.evtx,Windows.Collectors.File/All Matches Metadata
2021-07-08T02:14:52.2834775Z,2021-07-08T02:14:52.2834775Z,2021-07-08T02:14:52.2834775Z,69632,C:\Windows\System32\winevt\Logs\Microsoft-Windows-SMBServer%4Operational.evtx,Windows.Collectors.File/All Matches Metadata
2021-06-17T17:29:01.7142594Z,2021-07-08T02:13:51.40847Z,2021-06-17T17:29:01.7142594Z,69632,C:\Windows\System32\winevt\Logs\Microsoft-Windows-SMBServer%4Security.evtx,Windows.Collectors.File/All Matches Metadata
2021-07-09T20:52:38.4886301Z,2021-07-09T20:52:38.4886301Z,2021-07-09T20:52:38.4886301Z,1052672,C:\Windows\System32\winevt\Logs\Microsoft-Windows-Security-Audit-Configuration-Client%4Operational.evtx,Windows.Collectors.File/All Matches Metadata
2021-06-18T20:47:35.7726514Z,2021-06-18T20:47:35.7726514Z,2021-06-18T20:47:35.7726514Z,69632,C:\Windows\System32\winevt\Logs\Microsoft-Windows-Security-Mitigations%4KernelMode.evtx,Windows.Collectors.File/All Matches Metadata
2021-06-17T17:29:01.7142594Z,2021-06-18T07:24:49.1081058Z,2021-06-17T17:29:01.7142594Z,69632,C:\Windows\System32\winevt\Logs\Microsoft-Windows-Security-Mitigations%4UserMode.evtx,Windows.Collectors.File/All Matches Metadata
2021-06-18T07:21:51.8530672Z,2021-06-18T07:21:51.8530672Z,2021-06-18T07:21:51.8530672Z,69632,C:\Windows\System32\winevt\Logs\Microsoft-Windows-Security-SPP-UX-Notifications%4ActionCenter.evtx,Windows.Collectors.File/All Matches Metadata
2021-07-11T12:29:14.3965035Z,2021-07-11T12:29:14.3965035Z,2021-07-11T12:29:14.3965035Z,1052672,C:\Windows\System32\winevt\Logs\Microsoft-Windows-SettingSync%4Debug.evtx,Windows.Collectors.File/All Matches Metadata
2021-06-19T19:41:08.3864246Z,2021-06-20T13:01:20.1675136Z,2021-06-19T19:41:08.3864246Z,69632,C:\Windows\System32\winevt\Logs\Microsoft-Windows-SettingSync%4Operational.evtx,Windows.Collectors.File/All Matches Metadata
2021-06-18T07:21:51.8530672Z,2021-07-11T12:35:41.3703594Z,2021-06-18T07:21:51.8530672Z,69632,C:\Windows\System32\winevt\Logs\Microsoft-Windows-Shell-ConnectedAccountState%4ActionCenter.evtx,Windows.Collectors.File/All Matches Metadata
2021-06-18T07:21:51.8530672Z,2021-06-20T13:01:23.4052627Z,2021-06-18T07:21:51.8530672Z,69632,C:\Windows\System32\winevt\Logs\Microsoft-Windows-Shell-Core%4ActionCenter.evtx,Windows.Collectors.File/All Matches Metadata
2021-07-11T12:30:11.775023Z,2021-07-11T12:30:11.775023Z,2021-07-11T12:30:11.775023Z,1052672,C:\Windows\System32\winevt\Logs\Microsoft-Windows-Shell-Core%4AppDefaults.evtx,Windows.Collectors.File/All Matches Metadata
2021-06-18T07:21:51.8530672Z,2021-06-20T13:01:23.4052627Z,2021-06-18T07:21:51.8530672Z,69632,C:\Windows\System32\winevt\Logs\Microsoft-Windows-Shell-Core%4LogonTasksChannel.evtx,Windows.Collectors.File/All Matches Metadata
2021-07-11T12:30:11.6957474Z,2021-07-11T12:30:11.6957474Z,2021-07-11T12:30:11.6957474Z,1052672,C:\Windows\System32\winevt\Logs\Microsoft-Windows-Shell-Core%4Operational.evtx,Windows.Collectors.File/All Matches Metadata
2021-07-11T12:34:18.1787667Z,2021-07-11T12:34:18.1787667Z,2021-07-11T12:34:18.1787667Z,1052672,C:\Windows\System32\winevt\Logs\Microsoft-Windows-ShellCommon-StartLayoutPopulation%4Operational.evtx,Windows.Collectors.File/All Matches Metadata
2021-06-17T17:29:01.7142594Z,2021-07-08T02:12:28.7366155Z,2021-06-17T17:29:01.7142594Z,69632,C:\Windows\System32\winevt\Logs\Microsoft-Windows-SmbClient%4Audit.evtx,Windows.Collectors.File/All Matches Metadata
2021-07-08T02:13:28.7522321Z,2021-07-08T02:13:28.7522321Z,2021-07-08T02:13:28.7522321Z,69632,C:\Windows\System32\winevt\Logs\Microsoft-Windows-SmbClient%4Connectivity.evtx,Windows.Collectors.File/All Matches Metadata
2021-06-17T17:29:01.7142594Z,2021-07-08T02:12:28.4709813Z,2021-06-17T17:29:01.7142594Z,69632,C:\Windows\System32\winevt\Logs\Microsoft-Windows-SmbClient%4Security.evtx,Windows.Collectors.File/All Matches Metadata
2021-07-09T16:34:02.9800192Z,2021-07-09T16:34:02.9800192Z,2021-07-09T16:34:02.9800192Z,1118208,C:\Windows\System32\winevt\Logs\Microsoft-Windows-StateRepository%4Operational.evtx,Windows.Collectors.File/All Matches Metadata
2021-06-17T17:29:01.7142594Z,2021-07-08T02:16:31.681509Z,2021-06-17T17:29:01.7142594Z,69632,C:\Windows\System32\winevt\Logs\Microsoft-Windows-StateRepository%4Restricted.evtx,Windows.Collectors.File/All Matches Metadata
2021-06-17T17:29:01.7142594Z,2021-07-08T02:11:26.0178197Z,2021-06-17T17:29:01.7142594Z,69632,C:\Windows\System32\winevt\Logs\Microsoft-Windows-StorageSpaces-Driver%4Diagnostic.evtx,Windows.Collectors.File/All Matches Metadata
2021-07-08T02:12:26.0178584Z,2021-07-08T02:12:26.0178584Z,2021-07-08T02:12:26.0178584Z,69632,C:\Windows\System32\winevt\Logs\Microsoft-Windows-StorageSpaces-Driver%4Operational.evtx,Windows.Collectors.File/All Matches Metadata
2021-06-18T07:21:51.8530672Z,2021-07-11T12:35:47.4079141Z,2021-06-18T07:21:51.8530672Z,69632,C:\Windows\System32\winevt\Logs\Microsoft-Windows-StorageSpaces-ManagementAgent%4WHC.evtx,Windows.Collectors.File/All Matches Metadata
2021-07-09T12:14:17.0885282Z,2021-07-09T12:14:17.0885282Z,2021-07-09T12:14:17.0885282Z,16846848,C:\Windows\System32\winevt\Logs\Microsoft-Windows-Store%4Operational.evtx,Windows.Collectors.File/All Matches Metadata
2021-07-09T02:29:05.3611532Z,2021-07-09T02:29:05.3611532Z,2021-07-09T02:29:05.3611532Z,69632,C:\Windows\System32\winevt\Logs\Microsoft-Windows-Storsvc%4Diagnostic.evtx,Windows.Collectors.File/All Matches Metadata
2021-07-11T14:03:59.5322237Z,2021-07-11T14:03:59.5322237Z,2021-07-11T14:03:59.5322237Z,16846848,C:\Windows\System32\winevt\Logs\Microsoft-Windows-Sysmon%4Operational.evtx,Windows.Collectors.File/All Matches Metadata
2021-07-11T12:34:43.4331129Z,2021-07-11T12:34:43.4331129Z,2021-07-11T12:34:43.4331129Z,69632,C:\Windows\System32\winevt\Logs\Microsoft-Windows-TWinUI%4Operational.evtx,Windows.Collectors.File/All Matches Metadata
2021-07-08T01:14:27.5278402Z,2021-07-08T01:14:27.5278402Z,2021-07-08T01:14:27.5278402Z,69632,C:\Windows\System32\winevt\Logs\Microsoft-Windows-TZSync%4Operational.evtx,Windows.Collectors.File/All Matches Metadata
2021-07-11T08:29:42.7039019Z,2021-07-11T12:35:39.4706685Z,2021-07-11T08:29:42.7039019Z,1052672,C:\Windows\System32\winevt\Logs\Microsoft-Windows-TaskScheduler%4Maintenance.evtx,Windows.Collectors.File/All Matches Metadata
2021-07-09T21:12:48.3785097Z,2021-07-09T21:12:48.3785097Z,2021-07-09T21:12:48.3785097Z,10489856,C:\Windows\System32\winevt\Logs\Microsoft-Windows-TaskScheduler%4Operational.evtx,Windows.Collectors.File/All Matches Metadata
2021-06-17T17:29:01.7142594Z,2021-07-08T02:11:42.5178436Z,2021-06-17T17:29:01.7142594Z,69632,C:\Windows\System32\winevt\Logs\Microsoft-Windows-TerminalServices-LocalSessionManager%4Admin.evtx,Windows.Collectors.File/All Matches Metadata
2021-07-08T02:12:43.2834668Z,2021-07-08T02:12:43.2834668Z,2021-07-08T02:12:43.2834668Z,69632,C:\Windows\System32\winevt\Logs\Microsoft-Windows-TerminalServices-LocalSessionManager%4Operational.evtx,Windows.Collectors.File/All Matches Metadata
2021-07-09T18:05:39.8017957Z,2021-07-09T18:05:39.8017957Z,2021-07-09T18:05:39.8017957Z,1052672,C:\Windows\System32\winevt\Logs\Microsoft-Windows-Time-Service%4Operational.evtx,Windows.Collectors.File/All Matches Metadata
2021-07-11T11:20:20.9417931Z,2021-07-11T11:20:20.9417931Z,2021-07-11T11:20:20.9417931Z,1052672,C:\Windows\System32\winevt\Logs\Microsoft-Windows-UniversalTelemetryClient%4Operational.evtx,Windows.Collectors.File/All Matches Metadata
2021-07-09T01:53:42.4760717Z,2021-07-09T01:53:42.4760717Z,2021-07-09T01:53:42.4760717Z,1052672,C:\Windows\System32\winevt\Logs\Microsoft-Windows-User Device Registration%4Admin.evtx,Windows.Collectors.File/All Matches Metadata
2021-07-11T12:29:06.4392884Z,2021-07-11T12:29:06.4392884Z,2021-07-11T12:29:06.4392884Z,69632,C:\Windows\System32\winevt\Logs\Microsoft-Windows-User Profile Service%4Operational.evtx,Windows.Collectors.File/All Matches Metadata
2021-06-17T17:29:01.7142594Z,2021-07-11T12:35:42.3756272Z,2021-06-17T17:29:01.7142594Z,69632,C:\Windows\System32\winevt\Logs\Microsoft-Windows-UserPnp%4ActionCenter.evtx,Windows.Collectors.File/All Matches Metadata
2021-06-18T07:21:51.8530672Z,2021-06-18T07:21:51.8530672Z,2021-06-18T07:21:51.8530672Z,69632,C:\Windows\System32\winevt\Logs\Microsoft-Windows-UserPnp%4DeviceInstall.evtx,Windows.Collectors.File/All Matches Metadata
2021-07-08T01:14:27.3403493Z,2021-07-08T01:14:27.3403493Z,2021-07-08T01:14:27.3403493Z,69632,C:\Windows\System32\winevt\Logs\Microsoft-Windows-VPN%4Operational.evtx,Windows.Collectors.File/All Matches Metadata
2021-07-08T02:12:41.6741088Z,2021-07-08T02:12:41.6741088Z,2021-07-08T02:12:41.6741088Z,69632,C:\Windows\System32\winevt\Logs\Microsoft-Windows-VolumeSnapshot-Driver%4Operational.evtx,Windows.Collectors.File/All Matches Metadata
2021-07-08T02:16:15.2366188Z,2021-07-08T02:16:15.2366188Z,2021-07-08T02:16:15.2366188Z,69632,C:\Windows\System32\winevt\Logs\Microsoft-Windows-WER-PayloadHealth%4Operational.evtx,Windows.Collectors.File/All Matches Metadata
2021-07-08T02:13:26.3303347Z,2021-07-08T02:13:26.3303347Z,2021-07-08T02:13:26.3303347Z,69632,C:\Windows\System32\winevt\Logs\Microsoft-Windows-WFP%4Operational.evtx,Windows.Collectors.File/All Matches Metadata
2021-07-11T11:40:23.1695763Z,2021-07-11T11:40:23.1695763Z,2021-07-11T11:40:23.1695763Z,1052672,C:\Windows\System32\winevt\Logs\Microsoft-Windows-WMI-Activity%4Operational.evtx,Windows.Collectors.File/All Matches Metadata
2021-07-08T02:13:16.3303471Z,2021-07-08T02:13:16.3303471Z,2021-07-08T02:13:16.3303471Z,69632,C:\Windows\System32\winevt\Logs\Microsoft-Windows-Wcmsvc%4Operational.evtx,Windows.Collectors.File/All Matches Metadata
2021-07-08T02:12:16.6584596Z,2021-07-08T02:12:16.6584596Z,2021-07-08T02:12:16.6584596Z,69632,C:\Windows\System32\winevt\Logs\Microsoft-Windows-WebAuthN%4Operational.evtx,Windows.Collectors.File/All Matches Metadata
2021-06-19T19:41:08.3864246Z,2021-07-08T02:09:57.5334661Z,2021-06-19T19:41:08.3864246Z,69632,C:\Windows\System32\winevt\Logs\Microsoft-Windows-WinINet-Config%4ProxyConfigChanged.evtx,Windows.Collectors.File/All Matches Metadata
2021-07-08T02:11:15.6272091Z,2021-07-08T02:11:15.6272091Z,2021-07-08T02:11:15.6272091Z,1052672,C:\Windows\System32\winevt\Logs\Microsoft-Windows-WinRM%4Operational.evtx,Windows.Collectors.File/All Matches Metadata
2021-07-09T20:33:42.144651Z,2021-07-09T20:33:42.144651Z,2021-07-09T20:33:42.144651Z,1052672,C:\Windows\System32\winevt\Logs\Microsoft-Windows-Windows Defender%4Operational.evtx,Windows.Collectors.File/All Matches Metadata
2021-06-17T17:29:01.7142594Z,2021-07-11T12:35:38.7501168Z,2021-06-17T17:29:01.7142594Z,69632,C:\Windows\System32\winevt\Logs\Microsoft-Windows-Windows Defender%4WHC.evtx,Windows.Collectors.File/All Matches Metadata
2021-06-17T17:29:01.7142594Z,2021-07-08T02:12:34.6740909Z,2021-06-17T17:29:01.7142594Z,69632,C:\Windows\System32\winevt\Logs\Microsoft-Windows-Windows Firewall With Advanced Security%4ConnectionSecurity.evtx,Windows.Collectors.File/All Matches Metadata
2021-07-11T00:32:32.1969474Z,2021-07-11T00:32:32.1969474Z,2021-07-11T00:32:32.1969474Z,1052672,C:\Windows\System32\winevt\Logs\Microsoft-Windows-Windows Firewall With Advanced Security%4Firewall.evtx,Windows.Collectors.File/All Matches Metadata
2021-07-08T02:13:43.283476Z,2021-07-08T02:13:43.283476Z,2021-07-08T02:13:43.283476Z,69632,C:\Windows\System32\winevt\Logs\Microsoft-Windows-Windows Firewall With Advanced Security%4FirewallDiagnostics.evtx,Windows.Collectors.File/All Matches Metadata
2021-06-18T07:21:51.8530672Z,2021-07-11T12:35:38.639565Z,2021-06-18T07:21:51.8530672Z,69632,C:\Windows\System32\winevt\Logs\Microsoft-Windows-WindowsBackup%4ActionCenter.evtx,Windows.Collectors.File/All Matches Metadata
2021-06-19T19:41:08.3864246Z,2021-06-19T19:41:08.3864246Z,2021-06-19T19:41:08.3864246Z,69632,C:\Windows\System32\winevt\Logs\Microsoft-Windows-WindowsSystemAssessmentTool%4Operational.evtx,Windows.Collectors.File/All Matches Metadata
2021-07-09T12:14:17.0885282Z,2021-07-09T12:14:17.0885282Z,2021-07-09T12:14:17.0885282Z,1052672,C:\Windows\System32\winevt\Logs\Microsoft-Windows-WindowsUpdateClient%4Operational.evtx,Windows.Collectors.File/All Matches Metadata
2021-07-08T02:12:52.4865911Z,2021-07-08T02:12:52.4865911Z,2021-07-08T02:12:52.4865911Z,1052672,C:\Windows\System32\winevt\Logs\Microsoft-Windows-Winlogon%4Operational.evtx,Windows.Collectors.File/All Matches Metadata
2021-06-18T07:21:51.8530672Z,2021-07-11T12:35:47.9104623Z,2021-06-18T07:21:51.8530672Z,69632,C:\Windows\System32\winevt\Logs\Microsoft-Windows-WorkFolders%4WHC.evtx,Windows.Collectors.File/All Matches Metadata
2021-07-09T23:47:03.9019478Z,2021-07-09T23:47:03.9019478Z,2021-07-09T23:47:03.9019478Z,20975616,C:\Windows\System32\winevt\Logs\Security.evtx,Windows.Collectors.File/All Matches Metadata
2021-07-08T02:23:50.4269092Z,2021-07-08T02:23:50.4269092Z,2021-07-08T02:23:50.4269092Z,69632,C:\Windows\System32\winevt\Logs\Setup.evtx,Windows.Collectors.File/All Matches Metadata
2021-07-11T12:53:25.3728803Z,2021-07-11T12:58:48.5490111Z,2021-07-11T12:53:25.3728803Z,1118208,C:\Windows\System32\winevt\Logs\System.evtx,Windows.Collectors.File/All Matches Metadata
2021-07-11T11:40:23.1695763Z,2021-07-11T11:40:23.1695763Z,2021-07-11T11:40:23.1695763Z,1118208,C:\Windows\System32\winevt\Logs\Windows PowerShell.evtx,Windows.Collectors.File/All Matches Metadata
