{"Created":"2021-07-11T11:45:50.9718141Z","LastAccessed":"2021-07-11T11:45:50.9718141Z","Modified":"2021-07-11T11:45:50.9718141Z","Size":2166784,"SourceFile":"C:\\Windows\\System32\\winevt\\Logs\\Application.evtx","_Source":"Windows.Collectors.File/All Matches Metadata"}
{"Created":"2021-06-17T17:29:01.7298824Z","LastAccessed":"2021-07-08T02:09:37.2834722Z","Modified":"2021-06-17T17:29:01.7298824Z","Size":69632,"SourceFile":"C:\\Windows\\System32\\winevt\\Logs\\HardwareEvents.evtx","_Source":"Windows.Collectors.File/All Matches Metadata"}
{"Created":"2021-06-17T17:29:01.7298824Z","LastAccessed":"2021-07-08T02:09:38.892839Z","Modified":"2021-06-17T17:29:01.7298824Z","Size":69632,"SourceFile":"C:\\Windows\\System32\\winevt\\Logs\\Internet Explorer.evtx","_Source":"Windows.Collectors.File/All Matches Metadata"}
{"Created":"2021-06-17T17:29:01.7298824Z","LastAccessed":"2021-07-08T02:09:42.4085136Z","Modified":"2021-06-17T17:29:01.7298824Z","Size":69632,"SourceFile":"C:\\Windows\\System32\\winevt\\Logs\\Key Management Service.evtx","_Source":"Windows.Collectors.File/All Matches Metadata"}
{"Created":"2021-07-10T16:07:41.5875357Z","LastAccessed":"2021-07-10T16:07:41.5875357Z","Modified":"2021-07-10T16:07:41.5875357Z","Size":1052672,"SourceFile":"C:\\Windows\\System32\\winevt\\Logs\\Microsoft-Client-Licensing-Platform%4Admin.evtx","_Source":"Windows.Collectors.File/All Matches Metadata"}
{"Created":"2021-07-11T12:38:57.8649092Z","LastAccessed":"2021-07-11T12:38:57.8649092Z","Modified":"2021-07-11T12:38:57.8649092Z","Size":1052672,"SourceFile":"C:\\Windows\\System32\\winevt\\Logs\\Microsoft-Windows-AAD%4Operational.evtx","_Source":"Windows.Collectors.File/All Matches Metadata"}
{"Created":"2021-07-08T02:12:34.689704Z","LastAccessed":"2021-07-08T02:12:34.689704Z","Modified":"2021-07-08T02:12:34.689704Z","Size":1052672,"SourceFile":"C:\\Windows\\System32\\winevt\\Logs\\Microsoft-Windows-AppModel-Runtime%4Admin.evtx","_Source":"Windows.Collectors.File/All Matches Metadata"}
{"Created":"2021-07-08T02:23:27.4409564Z","LastAccessed":"2021-07-08T02:23:27.4409564Z","Modified":"2021-07-08T02:23:27.4409564Z","Size":1118208,"SourceFile":"C:\\Windows\\System32\\winevt\\Logs\\Microsoft-Windows-AppReadiness%4Admin.evtx","_Source":"Windows.Collectors.File/All Matches Metadata"}
{"Created":"2021-07-08T02:23:27.4409564Z","LastAccessed":"2021-07-08T02:23:27.4409564Z","Modified":"2021-07-08T02:23:27.4409564Z","Size":69632,"SourceFile":"C:\\Windows\\System32\\winevt\\Logs\\Microsoft-Windows-AppReadiness%4Operational.evtx","_Source":"Windows.Collectors.File/All Matches Metadata"}
{"Created":"2021-07-11T12:30:12.3594761Z","LastAccessed":"2021-07-11T12:30:12.3594761Z","Modified":"2021-07-11T12:30:12.3594761Z","Size":1052672,"SourceFile":"C:\\Windows\\System32\\winevt\\Logs\\Microsoft-Windows-AppXDeployment%4Operational.evtx","_Source":"Windows.Collectors.File/All Matches Metadata"}
{"Created":"2021-07-08T02:20:06.4626335Z","LastAccessed":"2021-07-08T02:20:06.4626335Z","Modified":"2021-07-08T02:20:06.4626335Z","Size":5246976,"SourceFile":"C:\\Windows\\System32\\winevt\\Logs\\Microsoft-Windows-AppXDeploymentServer%4Operational.evtx","_Source":"Windows.Collectors.File/All Matches Metadata"}
{"Created":"2021-06-17T17:29:01.7142594Z","LastAccessed":"2021-07-08T02:19:06.2257849Z","Modified":"2021-06-17T17:29:01.7142594Z","Size":69632,"SourceFile":"C:\\Windows\\System32\\winevt\\Logs\\Microsoft-Windows-AppXDeploymentServer%4Restricted.evtx","_Source":"Windows.Collectors.File/All Matches Metadata"}
{"Created":"2021-06-17T17:29:01.7298824Z","LastAccessed":"2021-07-08T02:22:24.9145115Z","Modified":"2021-06-17T17:29:01.7298824Z","Size":69632,"SourceFile":"C:\\Windows\\System32\\winevt\\Logs\\Microsoft-Windows-Application-Experience%4Program-Compatibility-Assistant.evtx","_Source":"Windows.Collectors.File/All Matches Metadata"}
{"Created":"2021-06-18T07:21:51.946819Z","LastAccessed":"2021-06-20T13:01:42.4289435Z","Modified":"2021-06-18T07:21:51.946819Z","Size":69632,"SourceFile":"C:\\Windows\\System32\\winevt\\Logs\\Microsoft-Windows-Application-Experience%4Program-Compatibility-Troubleshooter.evtx","_Source":"Windows.Collectors.File/All Matches Metadata"}
{"Created":"2021-06-18T07:21:51.946819Z","LastAccessed":"2021-06-20T13:01:42.1476686Z","Modified":"2021-06-18T07:21:51.946819Z","Size":69632,"SourceFile":"C:\\Windows\\System32\\winevt\\Logs\\Microsoft-Windows-Application-Experience%4Program-Inventory.evtx","_Source":"Windows.Collectors.File/All Matches Metadata"}
{"Created":"2021-07-11T12:34:14.3197982Z","LastAccessed":"2021-07-11T12:34:14.3197982Z","Modified":"2021-07-11T12:34:14.3197982Z","Size":69632,"SourceFile":"C:\\Windows\\System32\\winevt\\Logs\\Microsoft-Windows-Application-Experience%4Program-Telemetry.evtx","_Source":"Windows.Collectors.File/All Matches Metadata"}
{"Created":"2021-06-18T07:21:51.946819Z","LastAccessed":"2021-06-20T13:01:42.2414933Z","Modified":"2021-06-18T07:21:51.946819Z","Size":69632,"SourceFile":"C:\\Windows\\System32\\winevt\\Logs\\Microsoft-Windows-Application-Experience%4Steps-Recorder.evtx","_Source":"Windows.Collectors.File/All Matches Metadata"}
{"Created":"2021-07-09T11:23:39.0333783Z","LastAccessed":"2021-07-09T11:23:39.0333783Z","Modified":"2021-07-09T11:23:39.0333783Z","Size":1052672,"SourceFile":"C:\\Windows\\System32\\winevt\\Logs\\Microsoft-Windows-AppxPackaging%4Operational.evtx","_Source":"Windows.Collectors.File/All Matches Metadata"}
{"Created":"2021-06-18T07:21:51.946819Z","LastAccessed":"2021-06-18T07:21:51.946819Z","Modified":"2021-06-18T07:21:51.946819Z","Size":69632,"SourceFile":"C:\\Windows\\System32\\winevt\\Logs\\Microsoft-Windows-Authentication User Interface%4Operational.evtx","_Source":"Windows.Collectors.File/All Matches Metadata"}
{"Created":"2021-07-11T12:35:26.059803Z","LastAccessed":"2021-07-11T12:35:26.059803Z","Modified":"2021-07-11T12:35:26.059803Z","Size":69632,"SourceFile":"C:\\Windows\\System32\\winevt\\Logs\\Microsoft-Windows-BackgroundTaskInfrastructure%4Operational.evtx","_Source":"Windows.Collectors.File/All Matches Metadata"}
{"Created":"2021-06-19T19:41:08.3864246Z","LastAccessed":"2021-06-19T19:41:08.3864246Z","Modified":"2021-06-19T19:41:08.3864246Z","Size":69632,"SourceFile":"C:\\Windows\\System32\\winevt\\Logs\\Microsoft-Windows-Biometrics%4Operational.evtx","_Source":"Windows.Collectors.File/All Matches Metadata"}
{"Created":"2021-07-08T10:41:51.7916363Z","LastAccessed":"2021-07-08T10:41:51.7916363Z","Modified":"2021-07-08T10:41:51.7916363Z","Size":69632,"SourceFile":"C:\\Windows\\System32\\winevt\\Logs\\Microsoft-Windows-BitLocker%4BitLocker Management.evtx","_Source":"Windows.Collectors.File/All Matches Metadata"}
{"Created":"2021-07-08T08:47:11.7114269Z","LastAccessed":"2021-07-08T08:47:11.7114269Z","Modified":"2021-07-08T08:47:11.7114269Z","Size":1052672,"SourceFile":"C:\\Windows\\System32\\winevt\\Logs\\Microsoft-Windows-Bits-Client%4Operational.evtx","_Source":"Windows.Collectors.File/All Matches Metadata"}
{"Created":"2021-07-11T12:29:12.9104854Z","LastAccessed":"2021-07-11T12:29:12.9104854Z","Modified":"2021-07-11T12:29:12.9104854Z","Size":69632,"SourceFile":"C:\\Windows\\System32\\winevt\\Logs\\Microsoft-Windows-CloudStore%4Operational.evtx","_Source":"Windows.Collectors.File/All Matches Metadata"}
{"Created":"2021-07-08T02:12:49.5803382Z","LastAccessed":"2021-07-08T02:12:49.5803382Z","Modified":"2021-07-08T02:12:49.5803382Z","Size":69632,"SourceFile":"C:\\Windows\\System32\\winevt\\Logs\\Microsoft-Windows-CodeIntegrity%4Operational.evtx","_Source":"Windows.Collectors.File/All Matches Metadata"}
{"Created":"2021-07-08T02:13:11.9031434Z","LastAccessed":"2021-07-08T02:13:11.9031434Z","Modified":"2021-07-08T02:13:11.9031434Z","Size":69632,"SourceFile":"C:\\Windows\\System32\\winevt\\Logs\\Microsoft-Windows-Containers-BindFlt%4Operational.evtx","_Source":"Windows.Collectors.File/All Matches Metadata"}
{"Created":"2021-07-08T02:13:08.517832Z","LastAccessed":"2021-07-08T02:13:08.517832Z","Modified":"2021-07-08T02:13:08.517832Z","Size":69632,"SourceFile":"C:\\Windows\\System32\\winevt\\Logs\\Microsoft-Windows-Containers-Wcifs%4Operational.evtx","_Source":"Windows.Collectors.File/All Matches Metadata"}
{"Created":"2021-07-11T12:59:30.3866772Z","LastAccessed":"2021-07-11T12:59:30.3866772Z","Modified":"2021-07-11T12:59:30.3866772Z","Size":69632,"SourceFile":"C:\\Windows\\System32\\winevt\\Logs\\Microsoft-Windows-CoreSystem-SmsRouter-Events%4Operational.evtx","_Source":"Windows.Collectors.File/All Matches Metadata"}
{"Created":"2021-06-17T17:29:01.7142594Z","LastAccessed":"2021-07-08T02:11:59.3772096Z","Modified":"2021-06-17T17:29:01.7142594Z","Size":69632,"SourceFile":"C:\\Windows\\System32\\winevt\\Logs\\Microsoft-Windows-Crypto-DPAPI%4BackUpKeySvc.evtx","_Source":"Windows.Collectors.File/All Matches Metadata"}
{"Created":"2021-07-08T02:12:59.3928392Z","LastAccessed":"2021-07-08T02:12:59.3928392Z","Modified":"2021-07-08T02:12:59.3928392Z","Size":69632,"SourceFile":"C:\\Windows\\System32\\winevt\\Logs\\Microsoft-Windows-Crypto-DPAPI%4Operational.evtx","_Source":"Windows.Collectors.File/All Matches Metadata"}
{"Created":"2021-07-08T02:13:08.0334875Z","LastAccessed":"2021-07-08T02:13:08.0334875Z","Modified":"2021-07-08T02:13:08.0334875Z","Size":69632,"SourceFile":"C:\\Windows\\System32\\winevt\\Logs\\Microsoft-Windows-Crypto-NCrypt%4Operational.evtx","_Source":"Windows.Collectors.File/All Matches Metadata"}
{"Created":"2021-06-18T20:47:35.7726514Z","LastAccessed":"2021-06-18T20:47:35.7726514Z","Modified":"2021-06-18T20:47:35.7726514Z","Size":69632,"SourceFile":"C:\\Windows\\System32\\winevt\\Logs\\Microsoft-Windows-DeviceManagement-Enterprise-Diagnostics-Provider%4Admin.evtx","_Source":"Windows.Collectors.File/All Matches Metadata"}
{"Created":"2021-07-11T12:59:29.3518924Z","LastAccessed":"2021-07-11T12:59:29.3518924Z","Modified":"2021-07-11T12:59:29.3518924Z","Size":1052672,"SourceFile":"C:\\Windows\\System32\\winevt\\Logs\\Microsoft-Windows-DeviceManagement-Enterprise-Diagnostics-Provider%4Operational.evtx","_Source":"Windows.Collectors.File/All Matches Metadata"}
{"Created":"2021-07-08T01:14:27.7465777Z","LastAccessed":"2021-07-08T01:14:27.7465777Z","Modified":"2021-07-08T01:14:27.7465777Z","Size":69632,"SourceFile":"C:\\Windows\\System32\\winevt\\Logs\\Microsoft-Windows-DeviceSetupManager%4Admin.evtx","_Source":"Windows.Collectors.File/All Matches Metadata"}
{"Created":"2021-07-08T01:14:27.7309648Z","LastAccessed":"2021-07-08T01:14:27.7309648Z","Modified":"2021-07-08T01:14:27.7309648Z","Size":69632,"SourceFile":"C:\\Windows\\System32\\winevt\\Logs\\Microsoft-Windows-DeviceSetupManager%4Operational.evtx","_Source":"Windows.Collectors.File/All Matches Metadata"}
{"Created":"2021-06-18T20:47:35.7726514Z","LastAccessed":"2021-07-08T02:12:11.0334591Z","Modified":"2021-06-18T20:47:35.7726514Z","Size":69632,"SourceFile":"C:\\Windows\\System32\\winevt\\Logs\\Microsoft-Windows-Dhcp-Client%4Admin.evtx","_Source":"Windows.Collectors.File/All Matches Metadata"}
{"Created":"2021-06-17T17:29:01.7142594Z","LastAccessed":"2021-07-08T02:12:13.1272306Z","Modified":"2021-06-17T17:29:01.7142594Z","Size":69632,"SourceFile":"C:\\Windows\\System32\\winevt\\Logs\\Microsoft-Windows-Dhcpv6-Client%4Admin.evtx","_Source":"Windows.Collectors.File/All Matches Metadata"}
{"Created":"2021-07-08T02:13:29.2522442Z","LastAccessed":"2021-07-08T02:13:29.2522442Z","Modified":"2021-07-08T02:13:29.2522442Z","Size":1052672,"SourceFile":"C:\\Windows\\System32\\winevt\\Logs\\Microsoft-Windows-Diagnosis-DPS%4Operational.evtx","_Source":"Windows.Collectors.File/All Matches Metadata"}
{"Created":"2021-06-18T07:21:51.8999415Z","LastAccessed":"2021-07-11T12:35:39.0475405Z","Modified":"2021-06-18T07:21:51.8999415Z","Size":69632,"SourceFile":"C:\\Windows\\System32\\winevt\\Logs\\Microsoft-Windows-Diagnosis-Scheduled%4Operational.evtx","_Source":"Windows.Collectors.File/All Matches Metadata"}
{"Created":"2021-07-11T12:59:03.3941773Z","LastAccessed":"2021-07-11T12:59:03.3941773Z","Modified":"2021-07-11T12:59:03.3941773Z","Size":69632,"SourceFile":"C:\\Windows\\System32\\winevt\\Logs\\Microsoft-Windows-Diagnosis-Scripted%4Admin.evtx","_Source":"Windows.Collectors.File/All Matches Metadata"}
{"Created":"2021-07-11T12:58:58.250923Z","LastAccessed":"2021-07-11T12:58:58.250923Z","Modified":"2021-07-11T12:58:58.250923Z","Size":69632,"SourceFile":"C:\\Windows\\System32\\winevt\\Logs\\Microsoft-Windows-Diagnosis-Scripted%4Operational.evtx","_Source":"Windows.Collectors.File/All Matches Metadata"}
{"Created":"2021-06-18T20:47:35.7726514Z","LastAccessed":"2021-06-18T20:47:35.7726514Z","Modified":"2021-06-18T20:47:35.7726514Z","Size":69632,"SourceFile":"C:\\Windows\\System32\\winevt\\Logs\\Microsoft-Windows-Diagnostics-Performance%4Operational.evtx","_Source":"Windows.Collectors.File/All Matches Metadata"}
{"Created":"2021-07-08T01:14:27.7309648Z","LastAccessed":"2021-07-08T01:14:27.7309648Z","Modified":"2021-07-08T01:14:27.7309648Z","Size":69632,"SourceFile":"C:\\Windows\\System32\\winevt\\Logs\\Microsoft-Windows-DiskDiagnosticDataCollector%4Operational.evtx","_Source":"Windows.Collectors.File/All Matches Metadata"}
{"Created":"2021-06-18T07:21:51.8999415Z","LastAccessed":"2021-07-11T12:35:40.539247Z","Modified":"2021-06-18T07:21:51.8999415Z","Size":69632,"SourceFile":"C:\\Windows\\System32\\winevt\\Logs\\Microsoft-Windows-FileHistory-Core%4WHC.evtx","_Source":"Windows.Collectors.File/All Matches Metadata"}
{"Created":"2021-07-08T01:14:27.7309648Z","LastAccessed":"2021-07-08T01:14:27.7309648Z","Modified":"2021-07-08T01:14:27.7309648Z","Size":69632,"SourceFile":"C:\\Windows\\System32\\winevt\\Logs\\Microsoft-Windows-Forwarding%4Operational.evtx","_Source":"Windows.Collectors.File/All Matches Metadata"}
{"Created":"2021-07-11T11:35:23.1659814Z","LastAccessed":"2021-07-11T11:35:23.1659814Z","Modified":"2021-07-11T11:35:23.1659814Z","Size":4198400,"SourceFile":"C:\\Windows\\System32\\winevt\\Logs\\Microsoft-Windows-GroupPolicy%4Operational.evtx","_Source":"Windows.Collectors.File/All Matches Metadata"}
{"Created":"2021-07-08T02:34:48.4748445Z","LastAccessed":"2021-07-08T02:34:48.4748445Z","Modified":"2021-07-08T02:34:48.4748445Z","Size":69632,"SourceFile":"C:\\Windows\\System32\\winevt\\Logs\\Microsoft-Windows-HelloForBusiness%4Operational.evtx","_Source":"Windows.Collectors.File/All Matches Metadata"}
{"Created":"2021-06-17T17:29:01.7142594Z","LastAccessed":"2021-07-08T02:09:56.3772138Z","Modified":"2021-06-17T17:29:01.7142594Z","Size":69632,"SourceFile":"C:\\Windows\\System32\\winevt\\Logs\\Microsoft-Windows-HotspotAuth%4Operational.evtx","_Source":"Windows.Collectors.File/All Matches Metadata"}
{"Created":"2021-07-08T01:14:27.7309648Z","LastAccessed":"2021-07-08T01:14:27.7309648Z","Modified":"2021-07-08T01:14:27.7309648Z","Size":69632,"SourceFile":"C:\\Windows\\System32\\winevt\\Logs\\Microsoft-Windows-IKE%4Operational.evtx","_Source":"Windows.Collectors.File/All Matches Metadata"}
{"Created":"2021-07-08T02:11:09.8928293Z","LastAccessed":"2021-07-08T02:11:09.8928293Z","Modified":"2021-07-08T02:11:09.8928293Z","Size":69632,"SourceFile":"C:\\Windows\\System32\\winevt\\Logs\\Microsoft-Windows-Kernel-Boot%4Operational.evtx","_Source":"Windows.Collectors.File/All Matches Metadata"}
{"Created":"2021-07-09T14:10:46.1812998Z","LastAccessed":"2021-07-09T14:10:46.1812998Z","Modified":"2021-07-09T14:10:46.1812998Z","Size":69632,"SourceFile":"C:\\Windows\\System32\\winevt\\Logs\\Microsoft-Windows-Kernel-EventTracing%4Admin.evtx","_Source":"Windows.Collectors.File/All Matches Metadata"}
{"Created":"2021-06-19T19:41:08.3864246Z","LastAccessed":"2021-07-08T02:12:03.8147102Z","Modified":"2021-06-19T19:41:08.3864246Z","Size":1052672,"SourceFile":"C:\\Windows\\System32\\winevt\\Logs\\Microsoft-Windows-Kernel-PnP%4Configuration.evtx","_Source":"Windows.Collectors.File/All Matches Metadata"}
{"Created":"2021-07-08T02:13:04.9397146Z","LastAccessed":"2021-07-08T02:13:04.9397146Z","Modified":"2021-07-08T02:13:04.9397146Z","Size":69632,"SourceFile":"C:\\Windows\\System32\\winevt\\Logs\\Microsoft-Windows-Kernel-PnP%4Driver Watchdog.evtx","_Source":"Windows.Collectors.File/All Matches Metadata"}
{"Created":"2021-06-17T17:29:01.7142594Z","LastAccessed":"2021-07-08T02:09:52.4241018Z","Modified":"2021-06-17T17:29:01.7142594Z","Size":69632,"SourceFile":"C:\\Windows\\System32\\winevt\\Logs\\Microsoft-Windows-Kernel-Power%4Thermal-Operational.evtx","_Source":"Windows.Collectors.File/All Matches Metadata"}
{"Created":"2021-07-08T02:11:47.6428365Z","LastAccessed":"2021-07-08T02:11:47.6428365Z","Modified":"2021-07-08T02:11:47.6428365Z","Size":69632,"SourceFile":"C:\\Windows\\System32\\winevt\\Logs\\Microsoft-Windows-Kernel-ShimEngine%4Operational.evtx","_Source":"Windows.Collectors.File/All Matches Metadata"}
{"Created":"2021-06-17T17:29:01.7142594Z","LastAccessed":"2021-07-08T02:14:07.9553463Z","Modified":"2021-06-17T17:29:01.7142594Z","Size":69632,"SourceFile":"C:\\Windows\\System32\\winevt\\Logs\\Microsoft-Windows-Kernel-StoreMgr%4Operational.evtx","_Source":"Windows.Collectors.File/All Matches Metadata"}
{"Created":"2021-06-17T17:29:01.7142594Z","LastAccessed":"2021-07-08T02:10:38.7990702Z","Modified":"2021-06-17T17:29:01.7142594Z","Size":69632,"SourceFile":"C:\\Windows\\System32\\winevt\\Logs\\Microsoft-Windows-Kernel-WHEA%4Errors.evtx","_Source":"Windows.Collectors.File/All Matches Metadata"}
{"Created":"2021-07-08T02:11:49.5803279Z","LastAccessed":"2021-07-08T02:11:49.5803279Z","Modified":"2021-07-08T02:11:49.5803279Z","Size":1118208,"SourceFile":"C:\\Windows\\System32\\winevt\\Logs\\Microsoft-Windows-Kernel-WHEA%4Operational.evtx","_Source":"Windows.Collectors.File/All Matches Metadata"}
{"Created":"2021-06-18T20:47:35.7726514Z","LastAccessed":"2021-06-18T20:47:35.7726514Z","Modified":"2021-06-18T20:47:35.7726514Z","Size":69632,"SourceFile":"C:\\Windows\\System32\\winevt\\Logs\\Microsoft-Windows-KeyboardFilter%4Admin.evtx","_Source":"Windows.Collectors.File/All Matches Metadata"}
{"Created":"2021-07-09T20:52:38.4886301Z","LastAccessed":"2021-07-09T20:52:38.4886301Z","Modified":"2021-07-09T20:52:38.4886301Z","Size":1052672,"SourceFile":"C:\\Windows\\System32\\winevt\\Logs\\Microsoft-Windows-Known Folders API Service.evtx","_Source":"Windows.Collectors.File/All Matches Metadata"}
{"Created":"2021-07-10T16:23:32.8313065Z","LastAccessed":"2021-07-10T16:23:32.8313065Z","Modified":"2021-07-10T16:23:32.8313065Z","Size":69632,"SourceFile":"C:\\Windows\\System32\\winevt\\Logs\\Microsoft-Windows-LanguagePackSetup%4Operational.evtx","_Source":"Windows.Collectors.File/All Matches Metadata"}
{"Created":"2021-07-09T20:19:37.0396062Z","LastAccessed":"2021-07-09T20:19:37.0396062Z","Modified":"2021-07-09T20:19:37.0396062Z","Size":1052672,"SourceFile":"C:\\Windows\\System32\\winevt\\Logs\\Microsoft-Windows-LiveId%4Operational.evtx","_Source":"Windows.Collectors.File/All Matches Metadata"}
{"Created":"2021-06-18T07:21:51.8999415Z","LastAccessed":"2021-06-18T07:21:51.8999415Z","Modified":"2021-06-18T07:21:51.8999415Z","Size":69632,"SourceFile":"C:\\Windows\\System32\\winevt\\Logs\\Microsoft-Windows-MUI%4Admin.evtx","_Source":"Windows.Collectors.File/All Matches Metadata"}
{"Created":"2021-06-18T07:21:51.8530672Z","LastAccessed":"2021-06-18T07:21:51.8530672Z","Modified":"2021-06-18T07:21:51.8530672Z","Size":69632,"SourceFile":"C:\\Windows\\System32\\winevt\\Logs\\Microsoft-Windows-MUI%4Operational.evtx","_Source":"Windows.Collectors.File/All Matches Metadata"}
{"Created":"2021-06-18T07:21:51.8999415Z","LastAccessed":"2021-06-18T07:21:51.8999415Z","Modified":"2021-06-18T07:21:51.8999415Z","Size":69632,"SourceFile":"C:\\Windows\\System32\\winevt\\Logs\\Microsoft-Windows-ModernDeployment-Diagnostics-Provider%4Admin.evtx","_Source":"Windows.Collectors.File/All Matches Metadata"}
{"Created":"2021-06-18T07:21:51.8999415Z","LastAccessed":"2021-06-18T07:21:51.8999415Z","Modified":"2021-06-18T07:21:51.8999415Z","Size":69632,"SourceFile":"C:\\Windows\\System32\\winevt\\Logs\\Microsoft-Windows-ModernDeployment-Diagnostics-Provider%4Autopilot.evtx","_Source":"Windows.Collectors.File/All Matches Metadata"}
{"Created":"2021-06-18T07:21:51.8999415Z","LastAccessed":"2021-06-18T07:21:51.8999415Z","Modified":"2021-06-18T07:21:51.8999415Z","Size":69632,"SourceFile":"C:\\Windows\\System32\\winevt\\Logs\\Microsoft-Windows-ModernDeployment-Diagnostics-Provider%4ManagementService.evtx","_Source":"Windows.Collectors.File/All Matches Metadata"}
{"Created":"2021-07-08T07:45:31.8220861Z","LastAccessed":"2021-07-08T07:45:31.8220861Z","Modified":"2021-07-08T07:45:31.8220861Z","Size":69632,"SourceFile":"C:\\Windows\\System32\\winevt\\Logs\\Microsoft-Windows-NCSI%4Operational.evtx","_Source":"Windows.Collectors.File/All Matches Metadata"}
{"Created":"2021-07-08T07:45:31.8220861Z","LastAccessed":"2021-07-08T07:45:31.8220861Z","Modified":"2021-07-08T07:45:31.8220861Z","Size":69632,"SourceFile":"C:\\Windows\\System32\\winevt\\Logs\\Microsoft-Windows-NetworkProfile%4Operational.evtx","_Source":"Windows.Collectors.File/All Matches Metadata"}
{"Created":"2021-07-08T02:12:39.8459596Z","LastAccessed":"2021-07-08T02:12:39.8459596Z","Modified":"2021-07-08T02:12:39.8459596Z","Size":69632,"SourceFile":"C:\\Windows\\System32\\winevt\\Logs\\Microsoft-Windows-NlaSvc%4Operational.evtx","_Source":"Windows.Collectors.File/All Matches Metadata"}
{"Created":"2021-07-11T11:20:20.9417931Z","LastAccessed":"2021-07-11T11:20:20.9417931Z","Modified":"2021-07-11T11:20:20.9417931Z","Size":2166784,"SourceFile":"C:\\Windows\\System32\\winevt\\Logs\\Microsoft-Windows-Ntfs%4Operational.evtx","_Source":"Windows.Collectors.File/All Matches Metadata"}
{"Created":"2021-07-08T02:20:10.0942747Z","LastAccessed":"2021-07-11T12:35:40.9004725Z","Modified":"2021-07-08T02:20:10.0942747Z","Size":69632,"SourceFile":"C:\\Windows\\System32\\winevt\\Logs\\Microsoft-Windows-Ntfs%4WHC.evtx","_Source":"Windows.Collectors.File/All Matches Metadata"}
{"Created":"2021-07-08T02:12:32.674089Z","LastAccessed":"2021-07-08T02:12:32.674089Z","Modified":"2021-07-08T02:12:32.674089Z","Size":69632,"SourceFile":"C:\\Windows\\System32\\winevt\\Logs\\Microsoft-Windows-Partition%4Diagnostic.evtx","_Source":"Windows.Collectors.File/All Matches Metadata"}
{"Created":"2021-06-18T07:21:51.8530672Z","LastAccessed":"2021-06-20T10:40:33.612755Z","Modified":"2021-06-18T07:21:51.8530672Z","Size":69632,"SourceFile":"C:\\Windows\\System32\\winevt\\Logs\\Microsoft-Windows-PowerShell%4Admin.evtx","_Source":"Windows.Collectors.File/All Matches Metadata"}
{"Created":"2021-07-11T13:35:43.3254045Z","LastAccessed":"2021-07-11T13:35:43.3254045Z","Modified":"2021-07-11T13:35:43.3254045Z","Size":2166784,"SourceFile":"C:\\Windows\\System32\\winevt\\Logs\\Microsoft-Windows-PowerShell%4Operational.evtx","_Source":"Windows.Collectors.File/All Matches Metadata"}
{"Created":"2021-06-19T19:41:08.3864246Z","LastAccessed":"2021-07-08T02:20:31.5645531Z","Modified":"2021-06-19T19:41:08.3864246Z","Size":1118208,"SourceFile":"C:\\Windows\\System32\\winevt\\Logs\\Microsoft-Windows-Privacy-Auditing%4Operational.evtx","_Source":"Windows.Collectors.File/All Matches Metadata"}
{"Created":"2021-06-17T17:29:01.7142594Z","LastAccessed":"2021-07-08T02:22:25.8394982Z","Modified":"2021-06-17T17:29:01.7142594Z","Size":69632,"SourceFile":"C:\\Windows\\System32\\winevt\\Logs\\Microsoft-Windows-Program-Compatibility-Assistant%4CompatAfterUpgrade.evtx","_Source":"Windows.Collectors.File/All Matches Metadata"}
{"Created":"2021-07-11T12:58:57.0460965Z","LastAccessed":"2021-07-11T12:58:57.0460965Z","Modified":"2021-07-11T12:58:57.0460965Z","Size":1052672,"SourceFile":"C:\\Windows\\System32\\winevt\\Logs\\Microsoft-Windows-Provisioning-Diagnostics-Provider%4Admin.evtx","_Source":"Windows.Collectors.File/All Matches Metadata"}
{"Created":"2021-06-17T17:29:01.7142594Z","LastAccessed":"2021-06-20T13:07:50.5427623Z","Modified":"2021-06-17T17:29:01.7142594Z","Size":69632,"SourceFile":"C:\\Windows\\System32\\winevt\\Logs\\Microsoft-Windows-Provisioning-Diagnostics-Provider%4AutoPilot.evtx","_Source":"Windows.Collectors.File/All Matches Metadata"}
{"Created":"2021-06-17T17:29:01.7142594Z","LastAccessed":"2021-06-20T13:07:50.5427623Z","Modified":"2021-06-17T17:29:01.7142594Z","Size":69632,"SourceFile":"C:\\Windows\\System32\\winevt\\Logs\\Microsoft-Windows-Provisioning-Diagnostics-Provider%4ManagementService.evtx","_Source":"Windows.Collectors.File/All Matches Metadata"}
{"Created":"2021-06-18T07:21:51.8530672Z","LastAccessed":"2021-07-08T02:10:46.9709613Z","Modified":"2021-06-18T07:21:51.8530672Z","Size":69632,"SourceFile":"C:\\Windows\\System32\\winevt\\Logs\\Microsoft-Windows-PushNotification-Platform%4Admin.evtx","_Source":"Windows.Collectors.File/All Matches Metadata"}
{"Created":"2021-07-08T07:50:31.8321885Z","LastAccessed":"2021-07-08T07:50:31.8321885Z","Modified":"2021-07-08T07:50:31.8321885Z","Size":1052672,"SourceFile":"C:\\Windows\\System32\\winevt\\Logs\\Microsoft-Windows-PushNotification-Platform%4Operational.evtx","_Source":"Windows.Collectors.File/All Matches Metadata"}
{"Created":"2021-07-09T21:19:39.1905655Z","LastAccessed":"2021-07-09T21:19:39.1905655Z","Modified":"2021-07-09T21:19:39.1905655Z","Size":69632,"SourceFile":"C:\\Windows\\System32\\winevt\\Logs\\Microsoft-Windows-ReadyBoost%4Operational.evtx","_Source":"Windows.Collectors.File/All Matches Metadata"}
{"Created":"2021-06-19T19:41:08.3864246Z","LastAccessed":"2021-06-19T19:41:08.3864246Z","Modified":"2021-06-19T19:41:08.3864246Z","Size":69632,"SourceFile":"C:\\Windows\\System32\\winevt\\Logs\\Microsoft-Windows-RemoteAssistance%4Admin.evtx","_Source":"Windows.Collectors.File/All Matches Metadata"}
{"Created":"2021-07-08T01:14:27.5278402Z","LastAccessed":"2021-07-08T01:14:27.5278402Z","Modified":"2021-07-08T01:14:27.5278402Z","Size":69632,"SourceFile":"C:\\Windows\\System32\\winevt\\Logs\\Microsoft-Windows-RemoteAssistance%4Operational.evtx","_Source":"Windows.Collectors.File/All Matches Metadata"}
{"Created":"2021-07-08T02:22:07.0957764Z","LastAccessed":"2021-07-08T02:22:07.0957764Z","Modified":"2021-07-08T02:22:07.0957764Z","Size":69632,"SourceFile":"C:\\Windows\\System32\\winevt\\Logs\\Microsoft-Windows-Resource-Exhaustion-Detector%4Operational.evtx","_Source":"Windows.Collectors.File/All Matches Metadata"}
{"Created":"2021-07-08T01:14:27.5278402Z","LastAccessed":"2021-07-08T01:14:27.5278402Z","Modified":"2021-07-08T01:14:27.5278402Z","Size":69632,"SourceFile":"C:\\Windows\\System32\\winevt\\Logs\\Microsoft-Windows-Resource-Exhaustion-Resolver%4Operational.evtx","_Source":"Windows.Collectors.File/All Matches Metadata"}
{"Created":"2021-06-18T07:21:51.8530672Z","LastAccessed":"2021-06-19T19:42:35.5035727Z","Modified":"2021-06-18T07:21:51.8530672Z","Size":69632,"SourceFile":"C:\\Windows\\System32\\winevt\\Logs\\Microsoft-Windows-RestartManager%4Operational.evtx","_Source":"Windows.Collectors.File/All Matches Metadata"}
{"Created":"2021-06-17T17:29:01.7142594Z","LastAccessed":"2021-07-08T02:12:27.5178558Z","Modified":"2021-06-17T17:29:01.7142594Z","Size":69632,"SourceFile":"C:\\Windows\\System32\\winevt\\Logs\\Microsoft-Windows-SMBClient%4Operational.evtx","_Source":"Windows.Collectors.File/All Matches Metadata"}
{"Created":"2021-06-17T17:29:01.7142594Z","LastAccessed":"2021-07-08T02:13:52.2678561Z","Modified":"2021-06-17T17:29:01.7142594Z","Size":69632,"SourceFile":"C:\\Windows\\System32\\winevt\\Logs\\Microsoft-Windows-SMBServer%4Audit.evtx","_Source":"Windows.Collectors.File/All Matches Metadata"}
{"Created":"2021-06-17T17:29:01.7142594Z","LastAccessed":"2021-07-08T02:13:51.9241025Z","Modified":"2021-06-17T17:29:01.7142594Z","Size":69632,"SourceFile":"C:\\Windows\\System32\\winevt\\Logs\\Microsoft-Windows-SMBServer%4Connectivity.evtx","_Source":"Windows.Collectors.File/All Matches Metadata"}
{"Created":"2021-07-08T02:14:52.2834775Z","LastAccessed":"2021-07-08T02:14:52.2834775Z","Modified":"2021-07-08T02:14:52.2834775Z","Size":69632,"SourceFile":"C:\\Windows\\System32\\winevt\\Logs\\Microsoft-Windows-SMBServer%4Operational.evtx","_Source":"Windows.Collectors.File/All Matches Metadata"}
{"Created":"2021-06-17T17:29:01.7142594Z","LastAccessed":"2021-07-08T02:13:51.40847Z","Modified":"2021-06-17T17:29:01.7142594Z","Size":69632,"SourceFile":"C:\\Windows\\System32\\winevt\\Logs\\Microsoft-Windows-SMBServer%4Security.evtx","_Source":"Windows.Collectors.File/All Matches Metadata"}
{"Created":"2021-07-09T20:52:38.4886301Z","LastAccessed":"2021-07-09T20:52:38.4886301Z","Modified":"2021-07-09T20:52:38.4886301Z","Size":1052672,"SourceFile":"C:\\Windows\\System32\\winevt\\Logs\\Microsoft-Windows-Security-Audit-Configuration-Client%4Operational.evtx","_Source":"Windows.Collectors.File/All Matches Metadata"}
{"Created":"2021-06-18T20:47:35.7726514Z","LastAccessed":"2021-06-18T20:47:35.7726514Z","Modified":"2021-06-18T20:47:35.7726514Z","Size":69632,"SourceFile":"C:\\Windows\\System32\\winevt\\Logs\\Microsoft-Windows-Security-Mitigations%4KernelMode.evtx","_Source":"Windows.Collectors.File/All Matches Metadata"}
{"Created":"2021-06-17T17:29:01.7142594Z","LastAccessed":"2021-06-18T07:24:49.1081058Z","Modified":"2021-06-17T17:29:01.7142594Z","Size":69632,"SourceFile":"C:\\Windows\\System32\\winevt\\Logs\\Microsoft-Windows-Security-Mitigations%4UserMode.evtx","_Source":"Windows.Collectors.File/All Matches Metadata"}
{"Created":"2021-06-18T07:21:51.8530672Z","LastAccessed":"2021-06-18T07:21:51.8530672Z","Modified":"2021-06-18T07:21:51.8530672Z","Size":69632,"SourceFile":"C:\\Windows\\System32\\winevt\\Logs\\Microsoft-Windows-Security-SPP-UX-Notifications%4ActionCenter.evtx","_Source":"Windows.Collectors.File/All Matches Metadata"}
{"Created":"2021-07-11T12:29:14.3965035Z","LastAccessed":"2021-07-11T12:29:14.3965035Z","Modified":"2021-07-11T12:29:14.3965035Z","Size":1052672,"SourceFile":"C:\\Windows\\System32\\winevt\\Logs\\Microsoft-Windows-SettingSync%4Debug.evtx","_Source":"Windows.Collectors.File/All Matches Metadata"}
{"Created":"2021-06-19T19:41:08.3864246Z","LastAccessed":"2021-06-20T13:01:20.1675136Z","Modified":"2021-06-19T19:41:08.3864246Z","Size":69632,"SourceFile":"C:\\Windows\\System32\\winevt\\Logs\\Microsoft-Windows-SettingSync%4Operational.evtx","_Source":"Windows.Collectors.File/All Matches Metadata"}
{"Created":"2021-06-18T07:21:51.8530672Z","LastAccessed":"2021-07-11T12:35:41.3703594Z","Modified":"2021-06-18T07:21:51.8530672Z","Size":69632,"SourceFile":"C:\\Windows\\System32\\winevt\\Logs\\Microsoft-Windows-Shell-ConnectedAccountState%4ActionCenter.evtx","_Source":"Windows.Collectors.File/All Matches Metadata"}
{"Created":"2021-06-18T07:21:51.8530672Z","LastAccessed":"2021-06-20T13:01:23.4052627Z","Modified":"2021-06-18T07:21:51.8530672Z","Size":69632,"SourceFile":"C:\\Windows\\System32\\winevt\\Logs\\Microsoft-Windows-Shell-Core%4ActionCenter.evtx","_Source":"Windows.Collectors.File/All Matches Metadata"}
{"Created":"2021-07-11T12:30:11.775023Z","LastAccessed":"2021-07-11T12:30:11.775023Z","Modified":"2021-07-11T12:30:11.775023Z","Size":1052672,"SourceFile":"C:\\Windows\\System32\\winevt\\Logs\\Microsoft-Windows-Shell-Core%4AppDefaults.evtx","_Source":"Windows.Collectors.File/All Matches Metadata"}
{"Created":"2021-06-18T07:21:51.8530672Z","LastAccessed":"2021-06-20T13:01:23.4052627Z","Modified":"2021-06-18T07:21:51.8530672Z","Size":69632,"SourceFile":"C:\\Windows\\System32\\winevt\\Logs\\Microsoft-Windows-Shell-Core%4LogonTasksChannel.evtx","_Source":"Windows.Collectors.File/All Matches Metadata"}
{"Created":"2021-07-11T12:30:11.6957474Z","LastAccessed":"2021-07-11T12:30:11.6957474Z","Modified":"2021-07-11T12:30:11.6957474Z","Size":1052672,"SourceFile":"C:\\Windows\\System32\\winevt\\Logs\\Microsoft-Windows-Shell-Core%4Operational.evtx","_Source":"Windows.Collectors.File/All Matches Metadata"}
{"Created":"2021-07-11T12:34:18.1787667Z","LastAccessed":"2021-07-11T12:34:18.1787667Z","Modified":"2021-07-11T12:34:18.1787667Z","Size":1052672,"SourceFile":"C:\\Windows\\System32\\winevt\\Logs\\Microsoft-Windows-ShellCommon-StartLayoutPopulation%4Operational.evtx","_Source":"Windows.Collectors.File/All Matches Metadata"}
{"Created":"2021-06-17T17:29:01.7142594Z","LastAccessed":"2021-07-08T02:12:28.7366155Z","Modified":"2021-06-17T17:29:01.7142594Z","Size":69632,"SourceFile":"C:\\Windows\\System32\\winevt\\Logs\\Microsoft-Windows-SmbClient%4Audit.evtx","_Source":"Windows.Collectors.File/All Matches Metadata"}
{"Created":"2021-07-08T02:13:28.7522321Z","LastAccessed":"2021-07-08T02:13:28.7522321Z","Modified":"2021-07-08T02:13:28.7522321Z","Size":69632,"SourceFile":"C:\\Windows\\System32\\winevt\\Logs\\Microsoft-Windows-SmbClient%4Connectivity.evtx","_Source":"Windows.Collectors.File/All Matches Metadata"}
{"Created":"2021-06-17T17:29:01.7142594Z","LastAccessed":"2021-07-08T02:12:28.4709813Z","Modified":"2021-06-17T17:29:01.7142594Z","Size":69632,"SourceFile":"C:\\Windows\\System32\\winevt\\Logs\\Microsoft-Windows-SmbClient%4Security.evtx","_Source":"Windows.Collectors.File/All Matches Metadata"}
{"Created":"2021-07-09T16:34:02.9800192Z","LastAccessed":"2021-07-09T16:34:02.9800192Z","Modified":"2021-07-09T16:34:02.9800192Z","Size":1118208,"SourceFile":"C:\\Windows\\System32\\winevt\\Logs\\Microsoft-Windows-StateRepository%4Operational.evtx","_Source":"Windows.Collectors.File/All Matches Metadata"}
{"Created":"2021-06-17T17:29:01.7142594Z","LastAccessed":"2021-07-08T02:16:31.681509Z","Modified":"2021-06-17T17:29:01.7142594Z","Size":69632,"SourceFile":"C:\\Windows\\System32\\winevt\\Logs\\Microsoft-Windows-StateRepository%4Restricted.evtx","_Source":"Windows.Collectors.File/All Matches Metadata"}
{"Created":"2021-06-17T17:29:01.7142594Z","LastAccessed":"2021-07-08T02:11:26.0178197Z","Modified":"2021-06-17T17:29:01.7142594Z","Size":69632,"SourceFile":"C:\\Windows\\System32\\winevt\\Logs\\Microsoft-Windows-StorageSpaces-Driver%4Diagnostic.evtx","_Source":"Windows.Collectors.File/All Matches Metadata"}
{"Created":"2021-07-08T02:12:26.0178584Z","LastAccessed":"2021-07-08T02:12:26.0178584Z","Modified":"2021-07-08T02:12:26.0178584Z","Size":69632,"SourceFile":"C:\\Windows\\System32\\winevt\\Logs\\Microsoft-Windows-StorageSpaces-Driver%4Operational.evtx","_Source":"Windows.Collectors.File/All Matches Metadata"}
{"Created":"2021-06-18T07:21:51.8530672Z","LastAccessed":"2021-07-11T12:35:47.4079141Z","Modified":"2021-06-18T07:21:51.8530672Z","Size":69632,"SourceFile":"C:\\Windows\\System32\\winevt\\Logs\\Microsoft-Windows-StorageSpaces-ManagementAgent%4WHC.evtx","_Source":"Windows.Collectors.File/All Matches Metadata"}
{"Created":"2021-07-09T12:14:17.0885282Z","LastAccessed":"2021-07-09T12:14:17.0885282Z","Modified":"2021-07-09T12:14:17.0885282Z","Size":16846848,"SourceFile":"C:\\Windows\\System32\\winevt\\Logs\\Microsoft-Windows-Store%4Operational.evtx","_Source":"Windows.Collectors.File/All Matches Metadata"}
{"Created":"2021-07-09T02:29:05.3611532Z","LastAccessed":"2021-07-09T02:29:05.3611532Z","Modified":"2021-07-09T02:29:05.3611532Z","Size":69632,"SourceFile":"C:\\Windows\\System32\\winevt\\Logs\\Microsoft-Windows-Storsvc%4Diagnostic.evtx","_Source":"Windows.Collectors.File/All Matches Metadata"}
{"Created":"2021-07-11T14:03:59.5322237Z","LastAccessed":"2021-07-11T14:03:59.5322237Z","Modified":"2021-07-11T14:03:59.5322237Z","Size":16846848,"SourceFile":"C:\\Windows\\System32\\winevt\\Logs\\Microsoft-Windows-Sysmon%4Operational.evtx","_Source":"Windows.Collectors.File/All Matches Metadata"}
{"Created":"2021-07-11T12:34:43.4331129Z","LastAccessed":"2021-07-11T12:34:43.4331129Z","Modified":"2021-07-11T12:34:43.4331129Z","Size":69632,"SourceFile":"C:\\Windows\\System32\\winevt\\Logs\\Microsoft-Windows-TWinUI%4Operational.evtx","_Source":"Windows.Collectors.File/All Matches Metadata"}
{"Created":"2021-07-08T01:14:27.5278402Z","LastAccessed":"2021-07-08T01:14:27.5278402Z","Modified":"2021-07-08T01:14:27.5278402Z","Size":69632,"SourceFile":"C:\\Windows\\System32\\winevt\\Logs\\Microsoft-Windows-TZSync%4Operational.evtx","_Source":"Windows.Collectors.File/All Matches Metadata"}
{"Created":"2021-07-11T08:29:42.7039019Z","LastAccessed":"2021-07-11T12:35:39.4706685Z","Modified":"2021-07-11T08:29:42.7039019Z","Size":1052672,"SourceFile":"C:\\Windows\\System32\\winevt\\Logs\\Microsoft-Windows-TaskScheduler%4Maintenance.evtx","_Source":"Windows.Collectors.File/All Matches Metadata"}
{"Created":"2021-07-09T21:12:48.3785097Z","LastAccessed":"2021-07-09T21:12:48.3785097Z","Modified":"2021-07-09T21:12:48.3785097Z","Size":10489856,"SourceFile":"C:\\Windows\\System32\\winevt\\Logs\\Microsoft-Windows-TaskScheduler%4Operational.evtx","_Source":"Windows.Collectors.File/All Matches Metadata"}
{"Created":"2021-06-17T17:29:01.7142594Z","LastAccessed":"2021-07-08T02:11:42.5178436Z","Modified":"2021-06-17T17:29:01.7142594Z","Size":69632,"SourceFile":"C:\\Windows\\System32\\winevt\\Logs\\Microsoft-Windows-TerminalServices-LocalSessionManager%4Admin.evtx","_Source":"Windows.Collectors.File/All Matches Metadata"}
{"Created":"2021-07-08T02:12:43.2834668Z","LastAccessed":"2021-07-08T02:12:43.2834668Z","Modified":"2021-07-08T02:12:43.2834668Z","Size":69632,"SourceFile":"C:\\Windows\\System32\\winevt\\Logs\\Microsoft-Windows-TerminalServices-LocalSessionManager%4Operational.evtx","_Source":"Windows.Collectors.File/All Matches Metadata"}
{"Created":"2021-07-09T18:05:39.8017957Z","LastAccessed":"2021-07-09T18:05:39.8017957Z","Modified":"2021-07-09T18:05:39.8017957Z","Size":1052672,"SourceFile":"C:\\Windows\\System32\\winevt\\Logs\\Microsoft-Windows-Time-Service%4Operational.evtx","_Source":"Windows.Collectors.File/All Matches Metadata"}
{"Created":"2021-07-11T11:20:20.9417931Z","LastAccessed":"2021-07-11T11:20:20.9417931Z","Modified":"2021-07-11T11:20:20.9417931Z","Size":1052672,"SourceFile":"C:\\Windows\\System32\\winevt\\Logs\\Microsoft-Windows-UniversalTelemetryClient%4Operational.evtx","_Source":"Windows.Collectors.File/All Matches Metadata"}
{"Created":"2021-07-09T01:53:42.4760717Z","LastAccessed":"2021-07-09T01:53:42.4760717Z","Modified":"2021-07-09T01:53:42.4760717Z","Size":1052672,"SourceFile":"C:\\Windows\\System32\\winevt\\Logs\\Microsoft-Windows-User Device Registration%4Admin.evtx","_Source":"Windows.Collectors.File/All Matches Metadata"}
{"Created":"2021-07-11T12:29:06.4392884Z","LastAccessed":"2021-07-11T12:29:06.4392884Z","Modified":"2021-07-11T12:29:06.4392884Z","Size":69632,"SourceFile":"C:\\Windows\\System32\\winevt\\Logs\\Microsoft-Windows-User Profile Service%4Operational.evtx","_Source":"Windows.Collectors.File/All Matches Metadata"}
{"Created":"2021-06-17T17:29:01.7142594Z","LastAccessed":"2021-07-11T12:35:42.3756272Z","Modified":"2021-06-17T17:29:01.7142594Z","Size":69632,"SourceFile":"C:\\Windows\\System32\\winevt\\Logs\\Microsoft-Windows-UserPnp%4ActionCenter.evtx","_Source":"Windows.Collectors.File/All Matches Metadata"}
{"Created":"2021-06-18T07:21:51.8530672Z","LastAccessed":"2021-06-18T07:21:51.8530672Z","Modified":"2021-06-18T07:21:51.8530672Z","Size":69632,"SourceFile":"C:\\Windows\\System32\\winevt\\Logs\\Microsoft-Windows-UserPnp%4DeviceInstall.evtx","_Source":"Windows.Collectors.File/All Matches Metadata"}
{"Created":"2021-07-08T01:14:27.3403493Z","LastAccessed":"2021-07-08T01:14:27.3403493Z","Modified":"2021-07-08T01:14:27.3403493Z","Size":69632,"SourceFile":"C:\\Windows\\System32\\winevt\\Logs\\Microsoft-Windows-VPN%4Operational.evtx","_Source":"Windows.Collectors.File/All Matches Metadata"}
{"Created":"2021-07-08T02:12:41.6741088Z","LastAccessed":"2021-07-08T02:12:41.6741088Z","Modified":"2021-07-08T02:12:41.6741088Z","Size":69632,"SourceFile":"C:\\Windows\\System32\\winevt\\Logs\\Microsoft-Windows-VolumeSnapshot-Driver%4Operational.evtx","_Source":"Windows.Collectors.File/All Matches Metadata"}
{"Created":"2021-07-08T02:16:15.2366188Z","LastAccessed":"2021-07-08T02:16:15.2366188Z","Modified":"2021-07-08T02:16:15.2366188Z","Size":69632,"SourceFile":"C:\\Windows\\System32\\winevt\\Logs\\Microsoft-Windows-WER-PayloadHealth%4Operational.evtx","_Source":"Windows.Collectors.File/All Matches Metadata"}
{"Created":"2021-07-08T02:13:26.3303347Z","LastAccessed":"2021-07-08T02:13:26.3303347Z","Modified":"2021-07-08T02:13:26.3303347Z","Size":69632,"SourceFile":"C:\\Windows\\System32\\winevt\\Logs\\Microsoft-Windows-WFP%4Operational.evtx","_Source":"Windows.Collectors.File/All Matches Metadata"}
{"Created":"2021-07-11T11:40:23.1695763Z","LastAccessed":"2021-07-11T11:40:23.1695763Z","Modified":"2021-07-11T11:40:23.1695763Z","Size":1052672,"SourceFile":"C:\\Windows\\System32\\winevt\\Logs\\Microsoft-Windows-WMI-Activity%4Operational.evtx","_Source":"Windows.Collectors.File/All Matches Metadata"}
{"Created":"2021-07-08T02:13:16.3303471Z","LastAccessed":"2021-07-08T02:13:16.3303471Z","Modified":"2021-07-08T02:13:16.3303471Z","Size":69632,"SourceFile":"C:\\Windows\\System32\\winevt\\Logs\\Microsoft-Windows-Wcmsvc%4Operational.evtx","_Source":"Windows.Collectors.File/All Matches Metadata"}
{"Created":"2021-07-08T02:12:16.6584596Z","LastAccessed":"2021-07-08T02:12:16.6584596Z","Modified":"2021-07-08T02:12:16.6584596Z","Size":69632,"SourceFile":"C:\\Windows\\System32\\winevt\\Logs\\Microsoft-Windows-WebAuthN%4Operational.evtx","_Source":"Windows.Collectors.File/All Matches Metadata"}
{"Created":"2021-06-19T19:41:08.3864246Z","LastAccessed":"2021-07-08T02:09:57.5334661Z","Modified":"2021-06-19T19:41:08.3864246Z","Size":69632,"SourceFile":"C:\\Windows\\System32\\winevt\\Logs\\Microsoft-Windows-WinINet-Config%4ProxyConfigChanged.evtx","_Source":"Windows.Collectors.File/All Matches Metadata"}
{"Created":"2021-07-08T02:11:15.6272091Z","LastAccessed":"2021-07-08T02:11:15.6272091Z","Modified":"2021-07-08T02:11:15.6272091Z","Size":1052672,"SourceFile":"C:\\Windows\\System32\\winevt\\Logs\\Microsoft-Windows-WinRM%4Operational.evtx","_Source":"Windows.Collectors.File/All Matches Metadata"}
{"Created":"2021-07-09T20:33:42.144651Z","LastAccessed":"2021-07-09T20:33:42.144651Z","Modified":"2021-07-09T20:33:42.144651Z","Size":1052672,"SourceFile":"C:\\Windows\\System32\\winevt\\Logs\\Microsoft-Windows-Windows Defender%4Operational.evtx","_Source":"Windows.Collectors.File/All Matches Metadata"}
{"Created":"2021-06-17T17:29:01.7142594Z","LastAccessed":"2021-07-11T12:35:38.7501168Z","Modified":"2021-06-17T17:29:01.7142594Z","Size":69632,"SourceFile":"C:\\Windows\\System32\\winevt\\Logs\\Microsoft-Windows-Windows Defender%4WHC.evtx","_Source":"Windows.Collectors.File/All Matches Metadata"}
{"Created":"2021-06-17T17:29:01.7142594Z","LastAccessed":"2021-07-08T02:12:34.6740909Z","Modified":"2021-06-17T17:29:01.7142594Z","Size":69632,"SourceFile":"C:\\Windows\\System32\\winevt\\Logs\\Microsoft-Windows-Windows Firewall With Advanced Security%4ConnectionSecurity.evtx","_Source":"Windows.Collectors.File/All Matches Metadata"}
{"Created":"2021-07-11T00:32:32.1969474Z","LastAccessed":"2021-07-11T00:32:32.1969474Z","Modified":"2021-07-11T00:32:32.1969474Z","Size":1052672,"SourceFile":"C:\\Windows\\System32\\winevt\\Logs\\Microsoft-Windows-Windows Firewall With Advanced Security%4Firewall.evtx","_Source":"Windows.Collectors.File/All Matches Metadata"}
{"Created":"2021-07-08T02:13:43.283476Z","LastAccessed":"2021-07-08T02:13:43.283476Z","Modified":"2021-07-08T02:13:43.283476Z","Size":69632,"SourceFile":"C:\\Windows\\System32\\winevt\\Logs\\Microsoft-Windows-Windows Firewall With Advanced Security%4FirewallDiagnostics.evtx","_Source":"Windows.Collectors.File/All Matches Metadata"}
{"Created":"2021-06-18T07:21:51.8530672Z","LastAccessed":"2021-07-11T12:35:38.639565Z","Modified":"2021-06-18T07:21:51.8530672Z","Size":69632,"SourceFile":"C:\\Windows\\System32\\winevt\\Logs\\Microsoft-Windows-WindowsBackup%4ActionCenter.evtx","_Source":"Windows.Collectors.File/All Matches Metadata"}
{"Created":"2021-06-19T19:41:08.3864246Z","LastAccessed":"2021-06-19T19:41:08.3864246Z","Modified":"2021-06-19T19:41:08.3864246Z","Size":69632,"SourceFile":"C:\\Windows\\System32\\winevt\\Logs\\Microsoft-Windows-WindowsSystemAssessmentTool%4Operational.evtx","_Source":"Windows.Collectors.File/All Matches Metadata"}
{"Created":"2021-07-09T12:14:17.0885282Z","LastAccessed":"2021-07-09T12:14:17.0885282Z","Modified":"2021-07-09T12:14:17.0885282Z","Size":1052672,"SourceFile":"C:\\Windows\\System32\\winevt\\Logs\\Microsoft-Windows-WindowsUpdateClient%4Operational.evtx","_Source":"Windows.Collectors.File/All Matches Metadata"}
{"Created":"2021-07-08T02:12:52.4865911Z","LastAccessed":"2021-07-08T02:12:52.4865911Z","Modified":"2021-07-08T02:12:52.4865911Z","Size":1052672,"SourceFile":"C:\\Windows\\System32\\winevt\\Logs\\Microsoft-Windows-Winlogon%4Operational.evtx","_Source":"Windows.Collectors.File/All Matches Metadata"}
{"Created":"2021-06-18T07:21:51.8530672Z","LastAccessed":"2021-07-11T12:35:47.9104623Z","Modified":"2021-06-18T07:21:51.8530672Z","Size":69632,"SourceFile":"C:\\Windows\\System32\\winevt\\Logs\\Microsoft-Windows-WorkFolders%4WHC.evtx","_Source":"Windows.Collectors.File/All Matches Metadata"}
{"Created":"2021-07-09T23:47:03.9019478Z","LastAccessed":"2021-07-09T23:47:03.9019478Z","Modified":"2021-07-09T23:47:03.9019478Z","Size":20975616,"SourceFile":"C:\\Windows\\System32\\winevt\\Logs\\Security.evtx","_Source":"Windows.Collectors.File/All Matches Metadata"}
{"Created":"2021-07-08T02:23:50.4269092Z","LastAccessed":"2021-07-08T02:23:50.4269092Z","Modified":"2021-07-08T02:23:50.4269092Z","Size":69632,"SourceFile":"C:\\Windows\\System32\\winevt\\Logs\\Setup.evtx","_Source":"Windows.Collectors.File/All Matches Metadata"}
{"Created":"2021-07-11T12:53:25.3728803Z","LastAccessed":"2021-07-11T12:58:48.5490111Z","Modified":"2021-07-11T12:53:25.3728803Z","Size":1118208,"SourceFile":"C:\\Windows\\System32\\winevt\\Logs\\System.evtx","_Source":"Windows.Collectors.File/All Matches Metadata"}
{"Created":"2021-07-11T11:40:23.1695763Z","LastAccessed":"2021-07-11T11:40:23.1695763Z","Modified":"2021-07-11T11:40:23.1695763Z","Size":1118208,"SourceFile":"C:\\Windows\\System32\\winevt\\Logs\\Windows PowerShell.evtx","_Source":"Windows.Collectors.File/All Matches Metadata"}
