{"CopiedOnTimestamp":1626012385,"SourceFile":"C:\\Windows\\System32\\winevt\\Logs\\Microsoft-Client-Licensing-Platform%4Admin.evtx","DestinationFile":"C:\\Windows\\System32\\winevt\\Logs\\Microsoft-Client-Licensing-Platform%4Admin.evtx","FileSize":1052672,"SourceFileSha256":"1a91dec84f64606d455d2c0e9021f68aa1bad5842f4b2af56fb45d6767964c3f","Created":"2021-07-10T16:07:41.5875357Z","Modified":"2021-07-10T16:07:41.5875357Z","LastAccessed":"2021-07-10T16:07:41.5875357Z","_Source":"Windows.Collectors.File/Uploads"}
{"CopiedOnTimestamp":1626012385,"SourceFile":"C:\\Windows\\System32\\winevt\\Logs\\Microsoft-Windows-AAD%4Operational.evtx","DestinationFile":"C:\\Windows\\System32\\winevt\\Logs\\Microsoft-Windows-AAD%4Operational.evtx","FileSize":1052672,"SourceFileSha256":"3798fe844cfcbe81c9a53064723bd4bed879b2ce80445372b114b4213cdb2453","Created":"2021-07-11T12:38:57.8649092Z","Modified":"2021-07-11T12:38:57.8649092Z","LastAccessed":"2021-07-11T12:38:57.8649092Z","_Source":"Windows.Collectors.File/Uploads"}
{"CopiedOnTimestamp":1626012385,"SourceFile":"C:\\Windows\\System32\\winevt\\Logs\\Microsoft-Windows-AppReadiness%4Operational.evtx","DestinationFile":"C:\\Windows\\System32\\winevt\\Logs\\Microsoft-Windows-AppReadiness%4Operational.evtx","FileSize":69632,"SourceFileSha256":"6a3e97a66155808b4219696f53b9905952ff48ef02d2b4b4c2a300be21b438c0","Created":"2021-07-08T02:23:27.4409564Z","Modified":"2021-07-08T02:23:27.4409564Z","LastAccessed":"2021-07-08T02:23:27.4409564Z","_Source":"Windows.Collectors.File/Uploads"}
{"CopiedOnTimestamp":1626012386,"SourceFile":"C:\\Windows\\System32\\winevt\\Logs\\Internet Explorer.evtx","DestinationFile":"C:\\Windows\\System32\\winevt\\Logs\\Internet Explorer.evtx","FileSize":69632,"SourceFileSha256":"f5f9e97a6b1ec8d46a9bd5b9d4ccae96521b85517b0337b248814d2e974a968b","Created":"2021-06-17T17:29:01.7298824Z","Modified":"2021-06-17T17:29:01.7298824Z","LastAccessed":"2021-07-08T02:09:38.892839Z","_Source":"Windows.Collectors.File/Uploads"}
{"CopiedOnTimestamp":1626012386,"SourceFile":"C:\\Windows\\System32\\winevt\\Logs\\Microsoft-Windows-DeviceSetupManager%4Admin.evtx","DestinationFile":"C:\\Windows\\System32\\winevt\\Logs\\Microsoft-Windows-DeviceSetupManager%4Admin.evtx","FileSize":69632,"SourceFileSha256":"946214ca83507a868cbbab3d2823f4726c5b4e2f405d865e0a6d7f8d329229d8","Created":"2021-07-08T01:14:27.7465777Z","Modified":"2021-07-08T01:14:27.7465777Z","LastAccessed":"2021-07-08T01:14:27.7465777Z","_Source":"Windows.Collectors.File/Uploads"}
{"CopiedOnTimestamp":1626012386,"SourceFile":"C:\\Windows\\System32\\winevt\\Logs\\Microsoft-Windows-Crypto-NCrypt%4Operational.evtx","DestinationFile":"C:\\Windows\\System32\\winevt\\Logs\\Microsoft-Windows-Crypto-NCrypt%4Operational.evtx","FileSize":69632,"SourceFileSha256":"bf29f21087816cfb5c295ab31c94610266075f7c382b77789ec8b45a9baf7453","Created":"2021-07-08T02:13:08.0334875Z","Modified":"2021-07-08T02:13:08.0334875Z","LastAccessed":"2021-07-08T02:13:08.0334875Z","_Source":"Windows.Collectors.File/Uploads"}
{"CopiedOnTimestamp":1626012386,"SourceFile":"C:\\Windows\\System32\\winevt\\Logs\\Microsoft-Windows-AppXDeploymentServer%4Restricted.evtx","DestinationFile":"C:\\Windows\\System32\\winevt\\Logs\\Microsoft-Windows-AppXDeploymentServer%4Restricted.evtx","FileSize":69632,"SourceFileSha256":"f5f9e97a6b1ec8d46a9bd5b9d4ccae96521b85517b0337b248814d2e974a968b","Created":"2021-06-17T17:29:01.7142594Z","Modified":"2021-06-17T17:29:01.7142594Z","LastAccessed":"2021-07-08T02:19:06.2257849Z","_Source":"Windows.Collectors.File/Uploads"}
{"CopiedOnTimestamp":1626012386,"SourceFile":"C:\\Windows\\System32\\winevt\\Logs\\Microsoft-Windows-Application-Experience%4Program-Compatibility-Troubleshooter.evtx","DestinationFile":"C:\\Windows\\System32\\winevt\\Logs\\Microsoft-Windows-Application-Experience%4Program-Compatibility-Troubleshooter.evtx","FileSize":69632,"SourceFileSha256":"f5f9e97a6b1ec8d46a9bd5b9d4ccae96521b85517b0337b248814d2e974a968b","Created":"2021-06-18T07:21:51.946819Z","Modified":"2021-06-18T07:21:51.946819Z","LastAccessed":"2021-06-20T13:01:42.4289435Z","_Source":"Windows.Collectors.File/Uploads"}
{"CopiedOnTimestamp":1626012386,"SourceFile":"C:\\Windows\\System32\\winevt\\Logs\\Microsoft-Windows-Application-Experience%4Program-Compatibility-Assistant.evtx","DestinationFile":"C:\\Windows\\System32\\winevt\\Logs\\Microsoft-Windows-Application-Experience%4Program-Compatibility-Assistant.evtx","FileSize":69632,"SourceFileSha256":"f5f9e97a6b1ec8d46a9bd5b9d4ccae96521b85517b0337b248814d2e974a968b","Created":"2021-06-17T17:29:01.7298824Z","Modified":"2021-06-17T17:29:01.7298824Z","LastAccessed":"2021-07-08T02:22:24.9145115Z","_Source":"Windows.Collectors.File/Uploads"}
{"CopiedOnTimestamp":1626012386,"SourceFile":"C:\\Windows\\System32\\winevt\\Logs\\Microsoft-Windows-Application-Experience%4Program-Telemetry.evtx","DestinationFile":"C:\\Windows\\System32\\winevt\\Logs\\Microsoft-Windows-Application-Experience%4Program-Telemetry.evtx","FileSize":69632,"SourceFileSha256":"a05e53cae884b9593b7ba42bd2c839272f7b180c87cfab8f4a50b1ee736d6b9d","Created":"2021-07-11T12:34:14.3197982Z","Modified":"2021-07-11T12:34:14.3197982Z","LastAccessed":"2021-07-11T12:34:14.3197982Z","_Source":"Windows.Collectors.File/Uploads"}
{"CopiedOnTimestamp":1626012386,"SourceFile":"C:\\Windows\\System32\\winevt\\Logs\\Microsoft-Windows-Application-Experience%4Program-Inventory.evtx","DestinationFile":"C:\\Windows\\System32\\winevt\\Logs\\Microsoft-Windows-Application-Experience%4Program-Inventory.evtx","FileSize":69632,"SourceFileSha256":"f5f9e97a6b1ec8d46a9bd5b9d4ccae96521b85517b0337b248814d2e974a968b","Created":"2021-06-18T07:21:51.946819Z","Modified":"2021-06-18T07:21:51.946819Z","LastAccessed":"2021-06-20T13:01:42.1476686Z","_Source":"Windows.Collectors.File/Uploads"}
{"CopiedOnTimestamp":1626012386,"SourceFile":"C:\\Windows\\System32\\winevt\\Logs\\Microsoft-Windows-Application-Experience%4Steps-Recorder.evtx","DestinationFile":"C:\\Windows\\System32\\winevt\\Logs\\Microsoft-Windows-Application-Experience%4Steps-Recorder.evtx","FileSize":69632,"SourceFileSha256":"f5f9e97a6b1ec8d46a9bd5b9d4ccae96521b85517b0337b248814d2e974a968b","Created":"2021-06-18T07:21:51.946819Z","Modified":"2021-06-18T07:21:51.946819Z","LastAccessed":"2021-06-20T13:01:42.2414933Z","_Source":"Windows.Collectors.File/Uploads"}
{"CopiedOnTimestamp":1626012386,"SourceFile":"C:\\Windows\\System32\\winevt\\Logs\\Microsoft-Windows-BackgroundTaskInfrastructure%4Operational.evtx","DestinationFile":"C:\\Windows\\System32\\winevt\\Logs\\Microsoft-Windows-BackgroundTaskInfrastructure%4Operational.evtx","FileSize":69632,"SourceFileSha256":"e81fa723d669a5b9a0f5ed55aa1b68417d2a9d238f3450d057394fb508da6ecc","Created":"2021-07-11T12:35:26.059803Z","Modified":"2021-07-11T12:35:26.059803Z","LastAccessed":"2021-07-11T12:35:26.059803Z","_Source":"Windows.Collectors.File/Uploads"}
{"CopiedOnTimestamp":1626012386,"SourceFile":"C:\\Windows\\System32\\winevt\\Logs\\Microsoft-Windows-BitLocker%4BitLocker Management.evtx","DestinationFile":"C:\\Windows\\System32\\winevt\\Logs\\Microsoft-Windows-BitLocker%4BitLocker Management.evtx","FileSize":69632,"SourceFileSha256":"dee91b23787429cfd64f5045b9c772f32dcfc128f492edc1a07ad6aa555ffb09","Created":"2021-07-08T10:41:51.7916363Z","Modified":"2021-07-08T10:41:51.7916363Z","LastAccessed":"2021-07-08T10:41:51.7916363Z","_Source":"Windows.Collectors.File/Uploads"}
{"CopiedOnTimestamp":1626012386,"SourceFile":"C:\\Windows\\System32\\winevt\\Logs\\Microsoft-Windows-CloudStore%4Operational.evtx","DestinationFile":"C:\\Windows\\System32\\winevt\\Logs\\Microsoft-Windows-CloudStore%4Operational.evtx","FileSize":69632,"SourceFileSha256":"4a0bef9ff79a3f8fd7ea7182925094b85a87d1ca2b2d66798bc30f453af4b556","Created":"2021-07-11T12:29:12.9104854Z","Modified":"2021-07-11T12:29:12.9104854Z","LastAccessed":"2021-07-11T12:29:12.9104854Z","_Source":"Windows.Collectors.File/Uploads"}
{"CopiedOnTimestamp":1626012386,"SourceFile":"C:\\Windows\\System32\\winevt\\Logs\\Microsoft-Windows-AppxPackaging%4Operational.evtx","DestinationFile":"C:\\Windows\\System32\\winevt\\Logs\\Microsoft-Windows-AppxPackaging%4Operational.evtx","FileSize":1052672,"SourceFileSha256":"2ce2fcf2f098e6e2a7cba08dffd7d147e2d1de25987fa6b624027ac8d680677c","Created":"2021-07-09T11:23:39.0333783Z","Modified":"2021-07-09T11:23:39.0333783Z","LastAccessed":"2021-07-09T11:23:39.0333783Z","_Source":"Windows.Collectors.File/Uploads"}
{"CopiedOnTimestamp":1626012386,"SourceFile":"C:\\Windows\\System32\\winevt\\Logs\\Microsoft-Windows-DeviceSetupManager%4Operational.evtx","DestinationFile":"C:\\Windows\\System32\\winevt\\Logs\\Microsoft-Windows-DeviceSetupManager%4Operational.evtx","FileSize":69632,"SourceFileSha256":"beb7b38a9cdf41e8f53b3ad10d995a61273eb06d83152b059609af76bc9ce574","Created":"2021-07-08T01:14:27.7309648Z","Modified":"2021-07-08T01:14:27.7309648Z","LastAccessed":"2021-07-08T01:14:27.7309648Z","_Source":"Windows.Collectors.File/Uploads"}
{"CopiedOnTimestamp":1626012386,"SourceFile":"C:\\Windows\\System32\\winevt\\Logs\\Microsoft-Windows-Containers-BindFlt%4Operational.evtx","DestinationFile":"C:\\Windows\\System32\\winevt\\Logs\\Microsoft-Windows-Containers-BindFlt%4Operational.evtx","FileSize":69632,"SourceFileSha256":"7e25ee21f4d169cb62542d14d4c167573a28eeb2c7939c941aa39c64a6a5b45c","Created":"2021-07-08T02:13:11.9031434Z","Modified":"2021-07-08T02:13:11.9031434Z","LastAccessed":"2021-07-08T02:13:11.9031434Z","_Source":"Windows.Collectors.File/Uploads"}
{"CopiedOnTimestamp":1626012386,"SourceFile":"C:\\Windows\\System32\\winevt\\Logs\\Microsoft-Windows-CodeIntegrity%4Operational.evtx","DestinationFile":"C:\\Windows\\System32\\winevt\\Logs\\Microsoft-Windows-CodeIntegrity%4Operational.evtx","FileSize":69632,"SourceFileSha256":"f9b4967d2f8108bb25d3ea52d4da9ef092c3a571d261239fac7abfd6b2d75cb4","Created":"2021-07-08T02:12:49.5803382Z","Modified":"2021-07-08T02:12:49.5803382Z","LastAccessed":"2021-07-08T02:12:49.5803382Z","_Source":"Windows.Collectors.File/Uploads"}
{"CopiedOnTimestamp":1626012386,"SourceFile":"C:\\Windows\\System32\\winevt\\Logs\\Microsoft-Windows-CoreSystem-SmsRouter-Events%4Operational.evtx","DestinationFile":"C:\\Windows\\System32\\winevt\\Logs\\Microsoft-Windows-CoreSystem-SmsRouter-Events%4Operational.evtx","FileSize":69632,"SourceFileSha256":"f465cbd9f447d55e699389a3c263eca6f1117618a26991890dc86489487142ae","Created":"2021-07-11T12:59:30.3866772Z","Modified":"2021-07-11T12:59:30.3866772Z","LastAccessed":"2021-07-11T12:59:30.3866772Z","_Source":"Windows.Collectors.File/Uploads"}
{"CopiedOnTimestamp":1626012386,"SourceFile":"C:\\Windows\\System32\\winevt\\Logs\\Microsoft-Windows-Containers-Wcifs%4Operational.evtx","DestinationFile":"C:\\Windows\\System32\\winevt\\Logs\\Microsoft-Windows-Containers-Wcifs%4Operational.evtx","FileSize":69632,"SourceFileSha256":"8c3ddfe6180fc017dff9dda84cfa5e2793f86ba23a01810df46bd228d6467795","Created":"2021-07-08T02:13:08.517832Z","Modified":"2021-07-08T02:13:08.517832Z","LastAccessed":"2021-07-08T02:13:08.517832Z","_Source":"Windows.Collectors.File/Uploads"}
{"CopiedOnTimestamp":1626012386,"SourceFile":"C:\\Windows\\System32\\winevt\\Logs\\Microsoft-Windows-Crypto-DPAPI%4Operational.evtx","DestinationFile":"C:\\Windows\\System32\\winevt\\Logs\\Microsoft-Windows-Crypto-DPAPI%4Operational.evtx","FileSize":69632,"SourceFileSha256":"3ee82d5e47826c5e34f5e9de5fb9fdb764020f3b4703d7db6d0d14bd84c8d0e3","Created":"2021-07-08T02:12:59.3928392Z","Modified":"2021-07-08T02:12:59.3928392Z","LastAccessed":"2021-07-08T02:12:59.3928392Z","_Source":"Windows.Collectors.File/Uploads"}
{"CopiedOnTimestamp":1626012386,"SourceFile":"C:\\Windows\\System32\\winevt\\Logs\\Microsoft-Windows-Crypto-DPAPI%4BackUpKeySvc.evtx","DestinationFile":"C:\\Windows\\System32\\winevt\\Logs\\Microsoft-Windows-Crypto-DPAPI%4BackUpKeySvc.evtx","FileSize":69632,"SourceFileSha256":"f5f9e97a6b1ec8d46a9bd5b9d4ccae96521b85517b0337b248814d2e974a968b","Created":"2021-06-17T17:29:01.7142594Z","Modified":"2021-06-17T17:29:01.7142594Z","LastAccessed":"2021-07-08T02:11:59.3772096Z","_Source":"Windows.Collectors.File/Uploads"}
{"CopiedOnTimestamp":1626012386,"SourceFile":"C:\\Windows\\System32\\winevt\\Logs\\Microsoft-Windows-DeviceManagement-Enterprise-Diagnostics-Provider%4Operational.evtx","DestinationFile":"C:\\Windows\\System32\\winevt\\Logs\\Microsoft-Windows-DeviceManagement-Enterprise-Diagnostics-Provider%4Operational.evtx","FileSize":1052672,"SourceFileSha256":"d3ba381aafc4b0156c54cec21d7e2b15cc31bcac81a6951991e81be244fd6013","Created":"2021-07-11T12:59:29.3518924Z","Modified":"2021-07-11T12:59:29.3518924Z","LastAccessed":"2021-07-11T12:59:29.3518924Z","_Source":"Windows.Collectors.File/Uploads"}
{"CopiedOnTimestamp":1626012386,"SourceFile":"C:\\Windows\\System32\\winevt\\Logs\\HardwareEvents.evtx","DestinationFile":"C:\\Windows\\System32\\winevt\\Logs\\HardwareEvents.evtx","FileSize":69632,"SourceFileSha256":"f5f9e97a6b1ec8d46a9bd5b9d4ccae96521b85517b0337b248814d2e974a968b","Created":"2021-06-17T17:29:01.7298824Z","Modified":"2021-06-17T17:29:01.7298824Z","LastAccessed":"2021-07-08T02:09:37.2834722Z","_Source":"Windows.Collectors.File/Uploads"}
{"CopiedOnTimestamp":1626012386,"SourceFile":"C:\\Windows\\System32\\winevt\\Logs\\Key Management Service.evtx","DestinationFile":"C:\\Windows\\System32\\winevt\\Logs\\Key Management Service.evtx","FileSize":69632,"SourceFileSha256":"f5f9e97a6b1ec8d46a9bd5b9d4ccae96521b85517b0337b248814d2e974a968b","Created":"2021-06-17T17:29:01.7298824Z","Modified":"2021-06-17T17:29:01.7298824Z","LastAccessed":"2021-07-08T02:09:42.4085136Z","_Source":"Windows.Collectors.File/Uploads"}
{"CopiedOnTimestamp":1626012386,"SourceFile":"C:\\Windows\\System32\\winevt\\Logs\\Microsoft-Windows-AppReadiness%4Admin.evtx","DestinationFile":"C:\\Windows\\System32\\winevt\\Logs\\Microsoft-Windows-AppReadiness%4Admin.evtx","FileSize":1118208,"SourceFileSha256":"ce660acba7e4bc7fd62675bbb0a9c14bbdf4991d02fc8b00e0813d8d1d4f61ce","Created":"2021-07-08T02:23:27.4409564Z","Modified":"2021-07-08T02:23:27.4409564Z","LastAccessed":"2021-07-08T02:23:27.4409564Z","_Source":"Windows.Collectors.File/Uploads"}
{"CopiedOnTimestamp":1626012386,"SourceFile":"C:\\Windows\\System32\\winevt\\Logs\\Microsoft-Windows-AppXDeployment%4Operational.evtx","DestinationFile":"C:\\Windows\\System32\\winevt\\Logs\\Microsoft-Windows-AppXDeployment%4Operational.evtx","FileSize":1052672,"SourceFileSha256":"cb84b8bf47577303d779fb8b57a551f61d0c98164f63f7412e085e29a4227d4e","Created":"2021-07-11T12:30:12.3594761Z","Modified":"2021-07-11T12:30:12.3594761Z","LastAccessed":"2021-07-11T12:30:12.3594761Z","_Source":"Windows.Collectors.File/Uploads"}
{"CopiedOnTimestamp":1626012386,"SourceFile":"C:\\Windows\\System32\\winevt\\Logs\\Microsoft-Windows-AppModel-Runtime%4Admin.evtx","DestinationFile":"C:\\Windows\\System32\\winevt\\Logs\\Microsoft-Windows-AppModel-Runtime%4Admin.evtx","FileSize":1052672,"SourceFileSha256":"6b70edc4d602182bef812b22ba1d6ef93b7b648dfe19b013ac8fd212f09d7421","Created":"2021-07-08T02:12:34.689704Z","Modified":"2021-07-08T02:12:34.689704Z","LastAccessed":"2021-07-08T02:12:34.689704Z","_Source":"Windows.Collectors.File/Uploads"}
{"CopiedOnTimestamp":1626012386,"SourceFile":"C:\\Windows\\System32\\winevt\\Logs\\Microsoft-Windows-Bits-Client%4Operational.evtx","DestinationFile":"C:\\Windows\\System32\\winevt\\Logs\\Microsoft-Windows-Bits-Client%4Operational.evtx","FileSize":1052672,"SourceFileSha256":"87a0724add3664eecdd7c426ef4e07563daccac03687f8001b1872e38d31bd4d","Created":"2021-07-08T08:47:11.7114269Z","Modified":"2021-07-08T08:47:11.7114269Z","LastAccessed":"2021-07-08T08:47:11.7114269Z","_Source":"Windows.Collectors.File/Uploads"}
{"CopiedOnTimestamp":1626012386,"SourceFile":"C:\\Windows\\System32\\winevt\\Logs\\Microsoft-Windows-Authentication User Interface%4Operational.evtx","DestinationFile":"C:\\Windows\\System32\\winevt\\Logs\\Microsoft-Windows-Authentication User Interface%4Operational.evtx","FileSize":69632,"SourceFileSha256":"2427dcf0ab07dddddc22b2a7968ea4c6ae640de7f33a9f4cd7c9c98cba21b029","Created":"2021-06-18T07:21:51.946819Z","Modified":"2021-06-18T07:21:51.946819Z","LastAccessed":"2021-06-18T07:21:51.946819Z","_Source":"Windows.Collectors.File/Uploads"}
{"CopiedOnTimestamp":1626012386,"SourceFile":"C:\\Windows\\System32\\winevt\\Logs\\Microsoft-Windows-Biometrics%4Operational.evtx","DestinationFile":"C:\\Windows\\System32\\winevt\\Logs\\Microsoft-Windows-Biometrics%4Operational.evtx","FileSize":69632,"SourceFileSha256":"c30f3a8bb227ccca208bb2a630d818a10c20ba37e169eda481eabf38afe3b2d4","Created":"2021-06-19T19:41:08.3864246Z","Modified":"2021-06-19T19:41:08.3864246Z","LastAccessed":"2021-06-19T19:41:08.3864246Z","_Source":"Windows.Collectors.File/Uploads"}
{"CopiedOnTimestamp":1626012386,"SourceFile":"C:\\Windows\\System32\\winevt\\Logs\\Microsoft-Windows-DeviceManagement-Enterprise-Diagnostics-Provider%4Admin.evtx","DestinationFile":"C:\\Windows\\System32\\winevt\\Logs\\Microsoft-Windows-DeviceManagement-Enterprise-Diagnostics-Provider%4Admin.evtx","FileSize":69632,"SourceFileSha256":"a784f9cfc07515fdb04aa3150821a266241ad4d24f7a4025e97ac9fa5f84d492","Created":"2021-06-18T20:47:35.7726514Z","Modified":"2021-06-18T20:47:35.7726514Z","LastAccessed":"2021-06-18T20:47:35.7726514Z","_Source":"Windows.Collectors.File/Uploads"}
{"CopiedOnTimestamp":1626012386,"SourceFile":"C:\\Windows\\System32\\winevt\\Logs\\Application.evtx","DestinationFile":"C:\\Windows\\System32\\winevt\\Logs\\Application.evtx","FileSize":2166784,"SourceFileSha256":"8ffa0a8d44062b5511bd989809266b197b0b8de2a6f19e6193acef49a90b2358","Created":"2021-07-11T11:45:50.9718141Z","Modified":"2021-07-11T11:45:50.9718141Z","LastAccessed":"2021-07-11T11:45:50.9718141Z","_Source":"Windows.Collectors.File/Uploads"}
{"CopiedOnTimestamp":1626012386,"SourceFile":"C:\\Windows\\System32\\winevt\\Logs\\Microsoft-Windows-Dhcp-Client%4Admin.evtx","DestinationFile":"C:\\Windows\\System32\\winevt\\Logs\\Microsoft-Windows-Dhcp-Client%4Admin.evtx","FileSize":69632,"SourceFileSha256":"def9dd8b9aac08348713e2daf39f893d697bd6f6e0aa6a5f05a65123a6523f43","Created":"2021-06-18T20:47:35.7726514Z","Modified":"2021-06-18T20:47:35.7726514Z","LastAccessed":"2021-07-08T02:12:11.0334591Z","_Source":"Windows.Collectors.File/Uploads"}
{"CopiedOnTimestamp":1626012386,"SourceFile":"C:\\Windows\\System32\\winevt\\Logs\\Microsoft-Windows-Dhcpv6-Client%4Admin.evtx","DestinationFile":"C:\\Windows\\System32\\winevt\\Logs\\Microsoft-Windows-Dhcpv6-Client%4Admin.evtx","FileSize":69632,"SourceFileSha256":"017f6f56cd89e9047b9845ba4ecbca23fbdb7b053fc670e03e88d2b76a258e38","Created":"2021-06-17T17:29:01.7142594Z","Modified":"2021-06-17T17:29:01.7142594Z","LastAccessed":"2021-07-08T02:12:13.1272306Z","_Source":"Windows.Collectors.File/Uploads"}
{"CopiedOnTimestamp":1626012386,"SourceFile":"C:\\Windows\\System32\\winevt\\Logs\\Microsoft-Windows-Diagnosis-Scheduled%4Operational.evtx","DestinationFile":"C:\\Windows\\System32\\winevt\\Logs\\Microsoft-Windows-Diagnosis-Scheduled%4Operational.evtx","FileSize":69632,"SourceFileSha256":"a904dfe771defe8ab2d98abd2aed0f2bb951c6f8be617a1f8d7a8514ebdddba6","Created":"2021-06-18T07:21:51.8999415Z","Modified":"2021-06-18T07:21:51.8999415Z","LastAccessed":"2021-07-11T12:35:39.0475405Z","_Source":"Windows.Collectors.File/Uploads"}
{"CopiedOnTimestamp":1626012386,"SourceFile":"C:\\Windows\\System32\\winevt\\Logs\\Microsoft-Windows-Diagnosis-Scripted%4Operational.evtx","DestinationFile":"C:\\Windows\\System32\\winevt\\Logs\\Microsoft-Windows-Diagnosis-Scripted%4Operational.evtx","FileSize":69632,"SourceFileSha256":"ad7d147ed9a0afeadc1cf16cd3d12f3ecbc2c7eb6f55549adccf585084ad5af4","Created":"2021-07-11T12:58:58.250923Z","Modified":"2021-07-11T12:58:58.250923Z","LastAccessed":"2021-07-11T12:58:58.250923Z","_Source":"Windows.Collectors.File/Uploads"}
{"CopiedOnTimestamp":1626012386,"SourceFile":"C:\\Windows\\System32\\winevt\\Logs\\Microsoft-Windows-Diagnosis-Scripted%4Admin.evtx","DestinationFile":"C:\\Windows\\System32\\winevt\\Logs\\Microsoft-Windows-Diagnosis-Scripted%4Admin.evtx","FileSize":69632,"SourceFileSha256":"757dc2fc4050a012acca3ae3495e4f922427b78646fefb2ee255228161c7b56a","Created":"2021-07-11T12:59:03.3941773Z","Modified":"2021-07-11T12:59:03.3941773Z","LastAccessed":"2021-07-11T12:59:03.3941773Z","_Source":"Windows.Collectors.File/Uploads"}
{"CopiedOnTimestamp":1626012386,"SourceFile":"C:\\Windows\\System32\\winevt\\Logs\\Microsoft-Windows-FileHistory-Core%4WHC.evtx","DestinationFile":"C:\\Windows\\System32\\winevt\\Logs\\Microsoft-Windows-FileHistory-Core%4WHC.evtx","FileSize":69632,"SourceFileSha256":"35c5f89eb3abb94a354b06c8f1b0842128196a9865f616517182073ac1c40d78","Created":"2021-06-18T07:21:51.8999415Z","Modified":"2021-06-18T07:21:51.8999415Z","LastAccessed":"2021-07-11T12:35:40.539247Z","_Source":"Windows.Collectors.File/Uploads"}
{"CopiedOnTimestamp":1626012386,"SourceFile":"C:\\Windows\\System32\\winevt\\Logs\\Microsoft-Windows-HelloForBusiness%4Operational.evtx","DestinationFile":"C:\\Windows\\System32\\winevt\\Logs\\Microsoft-Windows-HelloForBusiness%4Operational.evtx","FileSize":69632,"SourceFileSha256":"2693847cf78250d612eedefff0a59bbf14e8ba844a5e9a5de709e1f05cd673b2","Created":"2021-07-08T02:34:48.4748445Z","Modified":"2021-07-08T02:34:48.4748445Z","LastAccessed":"2021-07-08T02:34:48.4748445Z","_Source":"Windows.Collectors.File/Uploads"}
{"CopiedOnTimestamp":1626012386,"SourceFile":"C:\\Windows\\System32\\winevt\\Logs\\Microsoft-Windows-HotspotAuth%4Operational.evtx","DestinationFile":"C:\\Windows\\System32\\winevt\\Logs\\Microsoft-Windows-HotspotAuth%4Operational.evtx","FileSize":69632,"SourceFileSha256":"f5f9e97a6b1ec8d46a9bd5b9d4ccae96521b85517b0337b248814d2e974a968b","Created":"2021-06-17T17:29:01.7142594Z","Modified":"2021-06-17T17:29:01.7142594Z","LastAccessed":"2021-07-08T02:09:56.3772138Z","_Source":"Windows.Collectors.File/Uploads"}
{"CopiedOnTimestamp":1626012386,"SourceFile":"C:\\Windows\\System32\\winevt\\Logs\\Microsoft-Windows-Kernel-Boot%4Operational.evtx","DestinationFile":"C:\\Windows\\System32\\winevt\\Logs\\Microsoft-Windows-Kernel-Boot%4Operational.evtx","FileSize":69632,"SourceFileSha256":"408d8038a0af04eca0cf28bd76142200b2b18decb13dad28f3562e878ea7544a","Created":"2021-07-08T02:11:09.8928293Z","Modified":"2021-07-08T02:11:09.8928293Z","LastAccessed":"2021-07-08T02:11:09.8928293Z","_Source":"Windows.Collectors.File/Uploads"}
{"CopiedOnTimestamp":1626012386,"SourceFile":"C:\\Windows\\System32\\winevt\\Logs\\Microsoft-Windows-IKE%4Operational.evtx","DestinationFile":"C:\\Windows\\System32\\winevt\\Logs\\Microsoft-Windows-IKE%4Operational.evtx","FileSize":69632,"SourceFileSha256":"f5f9e97a6b1ec8d46a9bd5b9d4ccae96521b85517b0337b248814d2e974a968b","Created":"2021-07-08T01:14:27.7309648Z","Modified":"2021-07-08T01:14:27.7309648Z","LastAccessed":"2021-07-08T01:14:27.7309648Z","_Source":"Windows.Collectors.File/Uploads"}
{"CopiedOnTimestamp":1626012386,"SourceFile":"C:\\Windows\\System32\\winevt\\Logs\\Microsoft-Windows-Kernel-EventTracing%4Admin.evtx","DestinationFile":"C:\\Windows\\System32\\winevt\\Logs\\Microsoft-Windows-Kernel-EventTracing%4Admin.evtx","FileSize":69632,"SourceFileSha256":"96d5c2f1c4f56f0d435c4d420e16a3681b183bf2ad0451091640a788d95c1872","Created":"2021-07-09T14:10:46.1812998Z","Modified":"2021-07-09T14:10:46.1812998Z","LastAccessed":"2021-07-09T14:10:46.1812998Z","_Source":"Windows.Collectors.File/Uploads"}
{"CopiedOnTimestamp":1626012386,"SourceFile":"C:\\Windows\\System32\\winevt\\Logs\\Microsoft-Windows-Kernel-PnP%4Driver Watchdog.evtx","DestinationFile":"C:\\Windows\\System32\\winevt\\Logs\\Microsoft-Windows-Kernel-PnP%4Driver Watchdog.evtx","FileSize":69632,"SourceFileSha256":"53e3b4488562e2b78ab81be5781ecf67308898e52e7da240cda58bb01061033a","Created":"2021-07-08T02:13:04.9397146Z","Modified":"2021-07-08T02:13:04.9397146Z","LastAccessed":"2021-07-08T02:13:04.9397146Z","_Source":"Windows.Collectors.File/Uploads"}
{"CopiedOnTimestamp":1626012386,"SourceFile":"C:\\Windows\\System32\\winevt\\Logs\\Microsoft-Windows-Kernel-Power%4Thermal-Operational.evtx","DestinationFile":"C:\\Windows\\System32\\winevt\\Logs\\Microsoft-Windows-Kernel-Power%4Thermal-Operational.evtx","FileSize":69632,"SourceFileSha256":"f5f9e97a6b1ec8d46a9bd5b9d4ccae96521b85517b0337b248814d2e974a968b","Created":"2021-06-17T17:29:01.7142594Z","Modified":"2021-06-17T17:29:01.7142594Z","LastAccessed":"2021-07-08T02:09:52.4241018Z","_Source":"Windows.Collectors.File/Uploads"}
{"CopiedOnTimestamp":1626012386,"SourceFile":"C:\\Windows\\System32\\winevt\\Logs\\Microsoft-Windows-Kernel-StoreMgr%4Operational.evtx","DestinationFile":"C:\\Windows\\System32\\winevt\\Logs\\Microsoft-Windows-Kernel-StoreMgr%4Operational.evtx","FileSize":69632,"SourceFileSha256":"f5f9e97a6b1ec8d46a9bd5b9d4ccae96521b85517b0337b248814d2e974a968b","Created":"2021-06-17T17:29:01.7142594Z","Modified":"2021-06-17T17:29:01.7142594Z","LastAccessed":"2021-07-08T02:14:07.9553463Z","_Source":"Windows.Collectors.File/Uploads"}
{"CopiedOnTimestamp":1626012386,"SourceFile":"C:\\Windows\\System32\\winevt\\Logs\\Microsoft-Windows-Kernel-ShimEngine%4Operational.evtx","DestinationFile":"C:\\Windows\\System32\\winevt\\Logs\\Microsoft-Windows-Kernel-ShimEngine%4Operational.evtx","FileSize":69632,"SourceFileSha256":"2e1c39527240dffe9221f56249bc4760db2280f1c6d8af4806116e6a18494bbe","Created":"2021-07-08T02:11:47.6428365Z","Modified":"2021-07-08T02:11:47.6428365Z","LastAccessed":"2021-07-08T02:11:47.6428365Z","_Source":"Windows.Collectors.File/Uploads"}
{"CopiedOnTimestamp":1626012386,"SourceFile":"C:\\Windows\\System32\\winevt\\Logs\\Microsoft-Windows-Kernel-WHEA%4Errors.evtx","DestinationFile":"C:\\Windows\\System32\\winevt\\Logs\\Microsoft-Windows-Kernel-WHEA%4Errors.evtx","FileSize":69632,"SourceFileSha256":"f5f9e97a6b1ec8d46a9bd5b9d4ccae96521b85517b0337b248814d2e974a968b","Created":"2021-06-17T17:29:01.7142594Z","Modified":"2021-06-17T17:29:01.7142594Z","LastAccessed":"2021-07-08T02:10:38.7990702Z","_Source":"Windows.Collectors.File/Uploads"}
{"CopiedOnTimestamp":1626012386,"SourceFile":"C:\\Windows\\System32\\winevt\\Logs\\Microsoft-Windows-LanguagePackSetup%4Operational.evtx","DestinationFile":"C:\\Windows\\System32\\winevt\\Logs\\Microsoft-Windows-LanguagePackSetup%4Operational.evtx","FileSize":69632,"SourceFileSha256":"3cf9c53971320b3c9c1829ca06d27e7ddfa6ad8a64f269fdf8d925bbb77694c0","Created":"2021-07-10T16:23:32.8313065Z","Modified":"2021-07-10T16:23:32.8313065Z","LastAccessed":"2021-07-10T16:23:32.8313065Z","_Source":"Windows.Collectors.File/Uploads"}
{"CopiedOnTimestamp":1626012387,"SourceFile":"C:\\Windows\\System32\\winevt\\Logs\\Microsoft-Windows-NCSI%4Operational.evtx","DestinationFile":"C:\\Windows\\System32\\winevt\\Logs\\Microsoft-Windows-NCSI%4Operational.evtx","FileSize":69632,"SourceFileSha256":"256bf08314aee99b849273cbfab3859f12f62b192ce817cac62d96636d6764fc","Created":"2021-07-08T07:45:31.8220861Z","Modified":"2021-07-08T07:45:31.8220861Z","LastAccessed":"2021-07-08T07:45:31.8220861Z","_Source":"Windows.Collectors.File/Uploads"}
{"CopiedOnTimestamp":1626012387,"SourceFile":"C:\\Windows\\System32\\winevt\\Logs\\Microsoft-Windows-NetworkProfile%4Operational.evtx","DestinationFile":"C:\\Windows\\System32\\winevt\\Logs\\Microsoft-Windows-NetworkProfile%4Operational.evtx","FileSize":69632,"SourceFileSha256":"bdaebb4c038dd024abdaad850317cff5c7e7b146cf16d341b272669c159bb66a","Created":"2021-07-08T07:45:31.8220861Z","Modified":"2021-07-08T07:45:31.8220861Z","LastAccessed":"2021-07-08T07:45:31.8220861Z","_Source":"Windows.Collectors.File/Uploads"}
{"CopiedOnTimestamp":1626012387,"SourceFile":"C:\\Windows\\System32\\winevt\\Logs\\Microsoft-Windows-NlaSvc%4Operational.evtx","DestinationFile":"C:\\Windows\\System32\\winevt\\Logs\\Microsoft-Windows-NlaSvc%4Operational.evtx","FileSize":69632,"SourceFileSha256":"3e9ae96980dd475a5f4d79640def5720b64aba6fe80f2059c473dd5d80c95c21","Created":"2021-07-08T02:12:39.8459596Z","Modified":"2021-07-08T02:12:39.8459596Z","LastAccessed":"2021-07-08T02:12:39.8459596Z","_Source":"Windows.Collectors.File/Uploads"}
{"CopiedOnTimestamp":1626012387,"SourceFile":"C:\\Windows\\System32\\winevt\\Logs\\Microsoft-Windows-Ntfs%4WHC.evtx","DestinationFile":"C:\\Windows\\System32\\winevt\\Logs\\Microsoft-Windows-Ntfs%4WHC.evtx","FileSize":69632,"SourceFileSha256":"a94f2d7ec8c5ac45bc18dee8bc7b5ef128b1495dfdb33ae6ef430f2c49114b7d","Created":"2021-07-08T02:20:10.0942747Z","Modified":"2021-07-08T02:20:10.0942747Z","LastAccessed":"2021-07-11T12:35:40.9004725Z","_Source":"Windows.Collectors.File/Uploads"}
{"CopiedOnTimestamp":1626012387,"SourceFile":"C:\\Windows\\System32\\winevt\\Logs\\Microsoft-Windows-AppXDeploymentServer%4Operational.evtx","DestinationFile":"C:\\Windows\\System32\\winevt\\Logs\\Microsoft-Windows-AppXDeploymentServer%4Operational.evtx","FileSize":5246976,"SourceFileSha256":"c58c94d9b21bf674dd6425bcdf0f48233500609d9716056c8f740c4b9509fc27","Created":"2021-07-08T02:20:06.4626335Z","Modified":"2021-07-08T02:20:06.4626335Z","LastAccessed":"2021-07-08T02:20:06.4626335Z","_Source":"Windows.Collectors.File/Uploads"}
{"CopiedOnTimestamp":1626012387,"SourceFile":"C:\\Windows\\System32\\winevt\\Logs\\Microsoft-Windows-Partition%4Diagnostic.evtx","DestinationFile":"C:\\Windows\\System32\\winevt\\Logs\\Microsoft-Windows-Partition%4Diagnostic.evtx","FileSize":69632,"SourceFileSha256":"42c891b09c31e63d33e789fc05f64345ced8efbbcc376d84fe56f66230dac401","Created":"2021-07-08T02:12:32.674089Z","Modified":"2021-07-08T02:12:32.674089Z","LastAccessed":"2021-07-08T02:12:32.674089Z","_Source":"Windows.Collectors.File/Uploads"}
{"CopiedOnTimestamp":1626012387,"SourceFile":"C:\\Windows\\System32\\winevt\\Logs\\Microsoft-Windows-Program-Compatibility-Assistant%4CompatAfterUpgrade.evtx","DestinationFile":"C:\\Windows\\System32\\winevt\\Logs\\Microsoft-Windows-Program-Compatibility-Assistant%4CompatAfterUpgrade.evtx","FileSize":69632,"SourceFileSha256":"f5f9e97a6b1ec8d46a9bd5b9d4ccae96521b85517b0337b248814d2e974a968b","Created":"2021-06-17T17:29:01.7142594Z","Modified":"2021-06-17T17:29:01.7142594Z","LastAccessed":"2021-07-08T02:22:25.8394982Z","_Source":"Windows.Collectors.File/Uploads"}
{"CopiedOnTimestamp":1626012387,"SourceFile":"C:\\Windows\\System32\\winevt\\Logs\\Microsoft-Windows-Provisioning-Diagnostics-Provider%4AutoPilot.evtx","DestinationFile":"C:\\Windows\\System32\\winevt\\Logs\\Microsoft-Windows-Provisioning-Diagnostics-Provider%4AutoPilot.evtx","FileSize":69632,"SourceFileSha256":"f5f9e97a6b1ec8d46a9bd5b9d4ccae96521b85517b0337b248814d2e974a968b","Created":"2021-06-17T17:29:01.7142594Z","Modified":"2021-06-17T17:29:01.7142594Z","LastAccessed":"2021-06-20T13:07:50.5427623Z","_Source":"Windows.Collectors.File/Uploads"}
{"CopiedOnTimestamp":1626012387,"SourceFile":"C:\\Windows\\System32\\winevt\\Logs\\Microsoft-Windows-Provisioning-Diagnostics-Provider%4Admin.evtx","DestinationFile":"C:\\Windows\\System32\\winevt\\Logs\\Microsoft-Windows-Provisioning-Diagnostics-Provider%4Admin.evtx","FileSize":1052672,"SourceFileSha256":"34edac683ec30139e46883c6fef68d8875244b0fd9bdcad86693c01cac8769e2","Created":"2021-07-11T12:58:57.0460965Z","Modified":"2021-07-11T12:58:57.0460965Z","LastAccessed":"2021-07-11T12:58:57.0460965Z","_Source":"Windows.Collectors.File/Uploads"}
{"CopiedOnTimestamp":1626012387,"SourceFile":"C:\\Windows\\System32\\winevt\\Logs\\Microsoft-Windows-Provisioning-Diagnostics-Provider%4ManagementService.evtx","DestinationFile":"C:\\Windows\\System32\\winevt\\Logs\\Microsoft-Windows-Provisioning-Diagnostics-Provider%4ManagementService.evtx","FileSize":69632,"SourceFileSha256":"f5f9e97a6b1ec8d46a9bd5b9d4ccae96521b85517b0337b248814d2e974a968b","Created":"2021-06-17T17:29:01.7142594Z","Modified":"2021-06-17T17:29:01.7142594Z","LastAccessed":"2021-06-20T13:07:50.5427623Z","_Source":"Windows.Collectors.File/Uploads"}
{"CopiedOnTimestamp":1626012387,"SourceFile":"C:\\Windows\\System32\\winevt\\Logs\\Microsoft-Windows-Diagnosis-DPS%4Operational.evtx","DestinationFile":"C:\\Windows\\System32\\winevt\\Logs\\Microsoft-Windows-Diagnosis-DPS%4Operational.evtx","FileSize":1052672,"SourceFileSha256":"aeba3c3d9cb78ef657cbe7ed00fc2ddb3cdfa703bc2eac07fe4910d585abb3d1","Created":"2021-07-08T02:13:29.2522442Z","Modified":"2021-07-08T02:13:29.2522442Z","LastAccessed":"2021-07-08T02:13:29.2522442Z","_Source":"Windows.Collectors.File/Uploads"}
{"CopiedOnTimestamp":1626012387,"SourceFile":"C:\\Windows\\System32\\winevt\\Logs\\Microsoft-Windows-PushNotification-Platform%4Admin.evtx","DestinationFile":"C:\\Windows\\System32\\winevt\\Logs\\Microsoft-Windows-PushNotification-Platform%4Admin.evtx","FileSize":69632,"SourceFileSha256":"f5f9e97a6b1ec8d46a9bd5b9d4ccae96521b85517b0337b248814d2e974a968b","Created":"2021-06-18T07:21:51.8530672Z","Modified":"2021-06-18T07:21:51.8530672Z","LastAccessed":"2021-07-08T02:10:46.9709613Z","_Source":"Windows.Collectors.File/Uploads"}
{"CopiedOnTimestamp":1626012387,"SourceFile":"C:\\Windows\\System32\\winevt\\Logs\\Microsoft-Windows-DiskDiagnosticDataCollector%4Operational.evtx","DestinationFile":"C:\\Windows\\System32\\winevt\\Logs\\Microsoft-Windows-DiskDiagnosticDataCollector%4Operational.evtx","FileSize":69632,"SourceFileSha256":"98e72344df6754729721264237631274baaa83795f90c178b998d1ad419af786","Created":"2021-07-08T01:14:27.7309648Z","Modified":"2021-07-08T01:14:27.7309648Z","LastAccessed":"2021-07-08T01:14:27.7309648Z","_Source":"Windows.Collectors.File/Uploads"}
{"CopiedOnTimestamp":1626012387,"SourceFile":"C:\\Windows\\System32\\winevt\\Logs\\Microsoft-Windows-ReadyBoost%4Operational.evtx","DestinationFile":"C:\\Windows\\System32\\winevt\\Logs\\Microsoft-Windows-ReadyBoost%4Operational.evtx","FileSize":69632,"SourceFileSha256":"502dfd0c7769fcf7c82ddc3113dee237ea34033f4ebd62760f9799902fdbdd2e","Created":"2021-07-09T21:19:39.1905655Z","Modified":"2021-07-09T21:19:39.1905655Z","LastAccessed":"2021-07-09T21:19:39.1905655Z","_Source":"Windows.Collectors.File/Uploads"}
{"CopiedOnTimestamp":1626012387,"SourceFile":"C:\\Windows\\System32\\winevt\\Logs\\Microsoft-Windows-Forwarding%4Operational.evtx","DestinationFile":"C:\\Windows\\System32\\winevt\\Logs\\Microsoft-Windows-Forwarding%4Operational.evtx","FileSize":69632,"SourceFileSha256":"9a7346525bbb02cf4e1272b2676586c49a613bfa844c18f1ba62ed2f91b1a4df","Created":"2021-07-08T01:14:27.7309648Z","Modified":"2021-07-08T01:14:27.7309648Z","LastAccessed":"2021-07-08T01:14:27.7309648Z","_Source":"Windows.Collectors.File/Uploads"}
{"CopiedOnTimestamp":1626012387,"SourceFile":"C:\\Windows\\System32\\winevt\\Logs\\Microsoft-Windows-KeyboardFilter%4Admin.evtx","DestinationFile":"C:\\Windows\\System32\\winevt\\Logs\\Microsoft-Windows-KeyboardFilter%4Admin.evtx","FileSize":69632,"SourceFileSha256":"f5f9e97a6b1ec8d46a9bd5b9d4ccae96521b85517b0337b248814d2e974a968b","Created":"2021-06-18T20:47:35.7726514Z","Modified":"2021-06-18T20:47:35.7726514Z","LastAccessed":"2021-06-18T20:47:35.7726514Z","_Source":"Windows.Collectors.File/Uploads"}
{"CopiedOnTimestamp":1626012387,"SourceFile":"C:\\Windows\\System32\\winevt\\Logs\\Microsoft-Windows-MUI%4Admin.evtx","DestinationFile":"C:\\Windows\\System32\\winevt\\Logs\\Microsoft-Windows-MUI%4Admin.evtx","FileSize":69632,"SourceFileSha256":"f5f9e97a6b1ec8d46a9bd5b9d4ccae96521b85517b0337b248814d2e974a968b","Created":"2021-06-18T07:21:51.8999415Z","Modified":"2021-06-18T07:21:51.8999415Z","LastAccessed":"2021-06-18T07:21:51.8999415Z","_Source":"Windows.Collectors.File/Uploads"}
{"CopiedOnTimestamp":1626012387,"SourceFile":"C:\\Windows\\System32\\winevt\\Logs\\Microsoft-Windows-Resource-Exhaustion-Detector%4Operational.evtx","DestinationFile":"C:\\Windows\\System32\\winevt\\Logs\\Microsoft-Windows-Resource-Exhaustion-Detector%4Operational.evtx","FileSize":69632,"SourceFileSha256":"80b66aa8a51bb8d6e845eb206a79e4d96efbc9e2acc333eb3769fa2361b3cd2c","Created":"2021-07-08T02:22:07.0957764Z","Modified":"2021-07-08T02:22:07.0957764Z","LastAccessed":"2021-07-08T02:22:07.0957764Z","_Source":"Windows.Collectors.File/Uploads"}
{"CopiedOnTimestamp":1626012387,"SourceFile":"C:\\Windows\\System32\\winevt\\Logs\\Microsoft-Windows-Diagnostics-Performance%4Operational.evtx","DestinationFile":"C:\\Windows\\System32\\winevt\\Logs\\Microsoft-Windows-Diagnostics-Performance%4Operational.evtx","FileSize":69632,"SourceFileSha256":"1b6b16ccbb5f01c62f362bd2dcc7da510efc43be288888905e9b118cb4371a6b","Created":"2021-06-18T20:47:35.7726514Z","Modified":"2021-06-18T20:47:35.7726514Z","LastAccessed":"2021-06-18T20:47:35.7726514Z","_Source":"Windows.Collectors.File/Uploads"}
{"CopiedOnTimestamp":1626012387,"SourceFile":"C:\\Windows\\System32\\winevt\\Logs\\Microsoft-Windows-SMBClient%4Operational.evtx","DestinationFile":"C:\\Windows\\System32\\winevt\\Logs\\Microsoft-Windows-SMBClient%4Operational.evtx","FileSize":69632,"SourceFileSha256":"f5f9e97a6b1ec8d46a9bd5b9d4ccae96521b85517b0337b248814d2e974a968b","Created":"2021-06-17T17:29:01.7142594Z","Modified":"2021-06-17T17:29:01.7142594Z","LastAccessed":"2021-07-08T02:12:27.5178558Z","_Source":"Windows.Collectors.File/Uploads"}
{"CopiedOnTimestamp":1626012387,"SourceFile":"C:\\Windows\\System32\\winevt\\Logs\\Microsoft-Windows-SMBServer%4Connectivity.evtx","DestinationFile":"C:\\Windows\\System32\\winevt\\Logs\\Microsoft-Windows-SMBServer%4Connectivity.evtx","FileSize":69632,"SourceFileSha256":"f5f9e97a6b1ec8d46a9bd5b9d4ccae96521b85517b0337b248814d2e974a968b","Created":"2021-06-17T17:29:01.7142594Z","Modified":"2021-06-17T17:29:01.7142594Z","LastAccessed":"2021-07-08T02:13:51.9241025Z","_Source":"Windows.Collectors.File/Uploads"}
{"CopiedOnTimestamp":1626012387,"SourceFile":"C:\\Windows\\System32\\winevt\\Logs\\Microsoft-Windows-SMBServer%4Audit.evtx","DestinationFile":"C:\\Windows\\System32\\winevt\\Logs\\Microsoft-Windows-SMBServer%4Audit.evtx","FileSize":69632,"SourceFileSha256":"f5f9e97a6b1ec8d46a9bd5b9d4ccae96521b85517b0337b248814d2e974a968b","Created":"2021-06-17T17:29:01.7142594Z","Modified":"2021-06-17T17:29:01.7142594Z","LastAccessed":"2021-07-08T02:13:52.2678561Z","_Source":"Windows.Collectors.File/Uploads"}
{"CopiedOnTimestamp":1626012387,"SourceFile":"C:\\Windows\\System32\\winevt\\Logs\\Microsoft-Windows-SMBServer%4Security.evtx","DestinationFile":"C:\\Windows\\System32\\winevt\\Logs\\Microsoft-Windows-SMBServer%4Security.evtx","FileSize":69632,"SourceFileSha256":"f507a8f64fa7dd109f645a5a36cf0608d53678b151abf83d7f40d1517f8ccfe1","Created":"2021-06-17T17:29:01.7142594Z","Modified":"2021-06-17T17:29:01.7142594Z","LastAccessed":"2021-07-08T02:13:51.40847Z","_Source":"Windows.Collectors.File/Uploads"}
{"CopiedOnTimestamp":1626012387,"SourceFile":"C:\\Windows\\System32\\winevt\\Logs\\Microsoft-Windows-SMBServer%4Operational.evtx","DestinationFile":"C:\\Windows\\System32\\winevt\\Logs\\Microsoft-Windows-SMBServer%4Operational.evtx","FileSize":69632,"SourceFileSha256":"64f8c2081c7bcdd7e802594cd07bb7e9ee75ca5becd987443ac4d1d6b47a691e","Created":"2021-07-08T02:14:52.2834775Z","Modified":"2021-07-08T02:14:52.2834775Z","LastAccessed":"2021-07-08T02:14:52.2834775Z","_Source":"Windows.Collectors.File/Uploads"}
{"CopiedOnTimestamp":1626012387,"SourceFile":"C:\\Windows\\System32\\winevt\\Logs\\Microsoft-Windows-SettingSync%4Operational.evtx","DestinationFile":"C:\\Windows\\System32\\winevt\\Logs\\Microsoft-Windows-SettingSync%4Operational.evtx","FileSize":69632,"SourceFileSha256":"95808fb8f3185714ec409cb98dd51bdac88d0bbbfc19c3a6fcf2a41e42545aef","Created":"2021-06-19T19:41:08.3864246Z","Modified":"2021-06-19T19:41:08.3864246Z","LastAccessed":"2021-06-20T13:01:20.1675136Z","_Source":"Windows.Collectors.File/Uploads"}
{"CopiedOnTimestamp":1626012387,"SourceFile":"C:\\Windows\\System32\\winevt\\Logs\\Microsoft-Windows-SettingSync%4Debug.evtx","DestinationFile":"C:\\Windows\\System32\\winevt\\Logs\\Microsoft-Windows-SettingSync%4Debug.evtx","FileSize":1052672,"SourceFileSha256":"37212dc0290ab5c5c2c51865009eea14988941eb41dc89a4e7be40fc0358b7da","Created":"2021-07-11T12:29:14.3965035Z","Modified":"2021-07-11T12:29:14.3965035Z","LastAccessed":"2021-07-11T12:29:14.3965035Z","_Source":"Windows.Collectors.File/Uploads"}
{"CopiedOnTimestamp":1626012387,"SourceFile":"C:\\Windows\\System32\\winevt\\Logs\\Microsoft-Windows-Shell-ConnectedAccountState%4ActionCenter.evtx","DestinationFile":"C:\\Windows\\System32\\winevt\\Logs\\Microsoft-Windows-Shell-ConnectedAccountState%4ActionCenter.evtx","FileSize":69632,"SourceFileSha256":"282d7ed820e52130bde56f9a0dc9444669d03312a2a893b05c6e613a20d18dad","Created":"2021-06-18T07:21:51.8530672Z","Modified":"2021-06-18T07:21:51.8530672Z","LastAccessed":"2021-07-11T12:35:41.3703594Z","_Source":"Windows.Collectors.File/Uploads"}
{"CopiedOnTimestamp":1626012387,"SourceFile":"C:\\Windows\\System32\\winevt\\Logs\\Microsoft-Windows-Shell-Core%4ActionCenter.evtx","DestinationFile":"C:\\Windows\\System32\\winevt\\Logs\\Microsoft-Windows-Shell-Core%4ActionCenter.evtx","FileSize":69632,"SourceFileSha256":"f5f9e97a6b1ec8d46a9bd5b9d4ccae96521b85517b0337b248814d2e974a968b","Created":"2021-06-18T07:21:51.8530672Z","Modified":"2021-06-18T07:21:51.8530672Z","LastAccessed":"2021-06-20T13:01:23.4052627Z","_Source":"Windows.Collectors.File/Uploads"}
{"CopiedOnTimestamp":1626012387,"SourceFile":"C:\\Windows\\System32\\winevt\\Logs\\Microsoft-Windows-Shell-Core%4LogonTasksChannel.evtx","DestinationFile":"C:\\Windows\\System32\\winevt\\Logs\\Microsoft-Windows-Shell-Core%4LogonTasksChannel.evtx","FileSize":69632,"SourceFileSha256":"f5f9e97a6b1ec8d46a9bd5b9d4ccae96521b85517b0337b248814d2e974a968b","Created":"2021-06-18T07:21:51.8530672Z","Modified":"2021-06-18T07:21:51.8530672Z","LastAccessed":"2021-06-20T13:01:23.4052627Z","_Source":"Windows.Collectors.File/Uploads"}
{"CopiedOnTimestamp":1626012392,"SourceFile":"C:\\Windows\\System32\\winevt\\Logs\\Microsoft-Windows-ShellCommon-StartLayoutPopulation%4Operational.evtx","DestinationFile":"C:\\Windows\\System32\\winevt\\Logs\\Microsoft-Windows-ShellCommon-StartLayoutPopulation%4Operational.evtx","FileSize":1052672,"SourceFileSha256":"20f928984203b174c5b21856502afad5601b33388f3d66bea46994b615f8db1a","Created":"2021-07-11T12:34:18.1787667Z","Modified":"2021-07-11T12:34:18.1787667Z","LastAccessed":"2021-07-11T12:34:18.1787667Z","_Source":"Windows.Collectors.File/Uploads"}
{"CopiedOnTimestamp":1626012392,"SourceFile":"C:\\Windows\\System32\\winevt\\Logs\\Microsoft-Windows-SmbClient%4Connectivity.evtx","DestinationFile":"C:\\Windows\\System32\\winevt\\Logs\\Microsoft-Windows-SmbClient%4Connectivity.evtx","FileSize":69632,"SourceFileSha256":"68ccf5eda441b6f940886888b87f53a248d03dc52fe2d3857ddf265e7583f0aa","Created":"2021-07-08T02:13:28.7522321Z","Modified":"2021-07-08T02:13:28.7522321Z","LastAccessed":"2021-07-08T02:13:28.7522321Z","_Source":"Windows.Collectors.File/Uploads"}
{"CopiedOnTimestamp":1626012392,"SourceFile":"C:\\Windows\\System32\\winevt\\Logs\\Microsoft-Windows-SmbClient%4Security.evtx","DestinationFile":"C:\\Windows\\System32\\winevt\\Logs\\Microsoft-Windows-SmbClient%4Security.evtx","FileSize":69632,"SourceFileSha256":"f5f9e97a6b1ec8d46a9bd5b9d4ccae96521b85517b0337b248814d2e974a968b","Created":"2021-06-17T17:29:01.7142594Z","Modified":"2021-06-17T17:29:01.7142594Z","LastAccessed":"2021-07-08T02:12:28.4709813Z","_Source":"Windows.Collectors.File/Uploads"}
{"CopiedOnTimestamp":1626012392,"SourceFile":"C:\\Windows\\System32\\winevt\\Logs\\Microsoft-Windows-StateRepository%4Restricted.evtx","DestinationFile":"C:\\Windows\\System32\\winevt\\Logs\\Microsoft-Windows-StateRepository%4Restricted.evtx","FileSize":69632,"SourceFileSha256":"f5f9e97a6b1ec8d46a9bd5b9d4ccae96521b85517b0337b248814d2e974a968b","Created":"2021-06-17T17:29:01.7142594Z","Modified":"2021-06-17T17:29:01.7142594Z","LastAccessed":"2021-07-08T02:16:31.681509Z","_Source":"Windows.Collectors.File/Uploads"}
{"CopiedOnTimestamp":1626012392,"SourceFile":"C:\\Windows\\System32\\winevt\\Logs\\Microsoft-Windows-Security-Mitigations%4UserMode.evtx","DestinationFile":"C:\\Windows\\System32\\winevt\\Logs\\Microsoft-Windows-Security-Mitigations%4UserMode.evtx","FileSize":69632,"SourceFileSha256":"f5f9e97a6b1ec8d46a9bd5b9d4ccae96521b85517b0337b248814d2e974a968b","Created":"2021-06-17T17:29:01.7142594Z","Modified":"2021-06-17T17:29:01.7142594Z","LastAccessed":"2021-06-18T07:24:49.1081058Z","_Source":"Windows.Collectors.File/Uploads"}
{"CopiedOnTimestamp":1626012392,"SourceFile":"C:\\Windows\\System32\\winevt\\Logs\\Microsoft-Windows-StorageSpaces-Driver%4Diagnostic.evtx","DestinationFile":"C:\\Windows\\System32\\winevt\\Logs\\Microsoft-Windows-StorageSpaces-Driver%4Diagnostic.evtx","FileSize":69632,"SourceFileSha256":"f5f9e97a6b1ec8d46a9bd5b9d4ccae96521b85517b0337b248814d2e974a968b","Created":"2021-06-17T17:29:01.7142594Z","Modified":"2021-06-17T17:29:01.7142594Z","LastAccessed":"2021-07-08T02:11:26.0178197Z","_Source":"Windows.Collectors.File/Uploads"}
{"CopiedOnTimestamp":1626012392,"SourceFile":"C:\\Windows\\System32\\winevt\\Logs\\Microsoft-Windows-MUI%4Operational.evtx","DestinationFile":"C:\\Windows\\System32\\winevt\\Logs\\Microsoft-Windows-MUI%4Operational.evtx","FileSize":69632,"SourceFileSha256":"9b09c420975b7c3f1c09512eeabdb8b5a0c562173a9d05775e70dae2d8e8e537","Created":"2021-06-18T07:21:51.8530672Z","Modified":"2021-06-18T07:21:51.8530672Z","LastAccessed":"2021-06-18T07:21:51.8530672Z","_Source":"Windows.Collectors.File/Uploads"}
{"CopiedOnTimestamp":1626012392,"SourceFile":"C:\\Windows\\System32\\winevt\\Logs\\Microsoft-Windows-Kernel-WHEA%4Operational.evtx","DestinationFile":"C:\\Windows\\System32\\winevt\\Logs\\Microsoft-Windows-Kernel-WHEA%4Operational.evtx","FileSize":1118208,"SourceFileSha256":"960870697e4ea715d53026802575869a93c6f2eebf2487e962209b284389548d","Created":"2021-07-08T02:11:49.5803279Z","Modified":"2021-07-08T02:11:49.5803279Z","LastAccessed":"2021-07-08T02:11:49.5803279Z","_Source":"Windows.Collectors.File/Uploads"}
{"CopiedOnTimestamp":1626012392,"SourceFile":"C:\\Windows\\System32\\winevt\\Logs\\Microsoft-Windows-Known Folders API Service.evtx","DestinationFile":"C:\\Windows\\System32\\winevt\\Logs\\Microsoft-Windows-Known Folders API Service.evtx","FileSize":1052672,"SourceFileSha256":"467736cb31401ae1433ad5ea913ad1e04e2540dbdcaca8e0a4b5eefd9d9931a5","Created":"2021-07-09T20:52:38.4886301Z","Modified":"2021-07-09T20:52:38.4886301Z","LastAccessed":"2021-07-09T20:52:38.4886301Z","_Source":"Windows.Collectors.File/Uploads"}
{"CopiedOnTimestamp":1626012392,"SourceFile":"C:\\Windows\\System32\\winevt\\Logs\\Microsoft-Windows-Ntfs%4Operational.evtx","DestinationFile":"C:\\Windows\\System32\\winevt\\Logs\\Microsoft-Windows-Ntfs%4Operational.evtx","FileSize":2166784,"SourceFileSha256":"d0f27028e915e6ea11248ac34b7270c3874925387e6407ca31a4339d35d255c7","Created":"2021-07-11T11:20:20.9417931Z","Modified":"2021-07-11T11:20:20.9417931Z","LastAccessed":"2021-07-11T11:20:20.9417931Z","_Source":"Windows.Collectors.File/Uploads"}
{"CopiedOnTimestamp":1626012392,"SourceFile":"C:\\Windows\\System32\\winevt\\Logs\\Microsoft-Windows-Security-Mitigations%4KernelMode.evtx","DestinationFile":"C:\\Windows\\System32\\winevt\\Logs\\Microsoft-Windows-Security-Mitigations%4KernelMode.evtx","FileSize":69632,"SourceFileSha256":"30ffbdc5b59ae3259dc18ccdc438896aadad6f33ab88b9b40ee1187d05e19bb2","Created":"2021-06-18T20:47:35.7726514Z","Modified":"2021-06-18T20:47:35.7726514Z","LastAccessed":"2021-06-18T20:47:35.7726514Z","_Source":"Windows.Collectors.File/Uploads"}
{"CopiedOnTimestamp":1626012392,"SourceFile":"C:\\Windows\\System32\\winevt\\Logs\\Microsoft-Windows-SmbClient%4Audit.evtx","DestinationFile":"C:\\Windows\\System32\\winevt\\Logs\\Microsoft-Windows-SmbClient%4Audit.evtx","FileSize":69632,"SourceFileSha256":"f5f9e97a6b1ec8d46a9bd5b9d4ccae96521b85517b0337b248814d2e974a968b","Created":"2021-06-17T17:29:01.7142594Z","Modified":"2021-06-17T17:29:01.7142594Z","LastAccessed":"2021-07-08T02:12:28.7366155Z","_Source":"Windows.Collectors.File/Uploads"}
{"CopiedOnTimestamp":1626012392,"SourceFile":"C:\\Windows\\System32\\winevt\\Logs\\Microsoft-Windows-StorageSpaces-Driver%4Operational.evtx","DestinationFile":"C:\\Windows\\System32\\winevt\\Logs\\Microsoft-Windows-StorageSpaces-Driver%4Operational.evtx","FileSize":69632,"SourceFileSha256":"650e24f550e49ea92f36430cf53ea0feec71a0f1883437b7f393c71045519749","Created":"2021-07-08T02:12:26.0178584Z","Modified":"2021-07-08T02:12:26.0178584Z","LastAccessed":"2021-07-08T02:12:26.0178584Z","_Source":"Windows.Collectors.File/Uploads"}
{"CopiedOnTimestamp":1626012392,"SourceFile":"C:\\Windows\\System32\\winevt\\Logs\\Microsoft-Windows-LiveId%4Operational.evtx","DestinationFile":"C:\\Windows\\System32\\winevt\\Logs\\Microsoft-Windows-LiveId%4Operational.evtx","FileSize":1052672,"SourceFileSha256":"e86f0a126b2cb498b7083f50ae540d3e7900b6145c71c6ccd2a20a97b14da5bd","Created":"2021-07-09T20:19:37.0396062Z","Modified":"2021-07-09T20:19:37.0396062Z","LastAccessed":"2021-07-09T20:19:37.0396062Z","_Source":"Windows.Collectors.File/Uploads"}
{"CopiedOnTimestamp":1626012392,"SourceFile":"C:\\Windows\\System32\\winevt\\Logs\\Microsoft-Windows-Security-Audit-Configuration-Client%4Operational.evtx","DestinationFile":"C:\\Windows\\System32\\winevt\\Logs\\Microsoft-Windows-Security-Audit-Configuration-Client%4Operational.evtx","FileSize":1052672,"SourceFileSha256":"cb9dad3bf314db15c132e7a4aed688a33b675063fbecfa5976d2edbe4152e3d2","Created":"2021-07-09T20:52:38.4886301Z","Modified":"2021-07-09T20:52:38.4886301Z","LastAccessed":"2021-07-09T20:52:38.4886301Z","_Source":"Windows.Collectors.File/Uploads"}
{"CopiedOnTimestamp":1626012392,"SourceFile":"C:\\Windows\\System32\\winevt\\Logs\\Microsoft-Windows-ModernDeployment-Diagnostics-Provider%4Admin.evtx","DestinationFile":"C:\\Windows\\System32\\winevt\\Logs\\Microsoft-Windows-ModernDeployment-Diagnostics-Provider%4Admin.evtx","FileSize":69632,"SourceFileSha256":"f5f9e97a6b1ec8d46a9bd5b9d4ccae96521b85517b0337b248814d2e974a968b","Created":"2021-06-18T07:21:51.8999415Z","Modified":"2021-06-18T07:21:51.8999415Z","LastAccessed":"2021-06-18T07:21:51.8999415Z","_Source":"Windows.Collectors.File/Uploads"}
{"CopiedOnTimestamp":1626012392,"SourceFile":"C:\\Windows\\System32\\winevt\\Logs\\Microsoft-Windows-ModernDeployment-Diagnostics-Provider%4Autopilot.evtx","DestinationFile":"C:\\Windows\\System32\\winevt\\Logs\\Microsoft-Windows-ModernDeployment-Diagnostics-Provider%4Autopilot.evtx","FileSize":69632,"SourceFileSha256":"d772d89f3f5ee8b961adec586074eeefe8b50dfd1c0b47b778969c0d9409571e","Created":"2021-06-18T07:21:51.8999415Z","Modified":"2021-06-18T07:21:51.8999415Z","LastAccessed":"2021-06-18T07:21:51.8999415Z","_Source":"Windows.Collectors.File/Uploads"}
{"CopiedOnTimestamp":1626012392,"SourceFile":"C:\\Windows\\System32\\winevt\\Logs\\Microsoft-Windows-ModernDeployment-Diagnostics-Provider%4ManagementService.evtx","DestinationFile":"C:\\Windows\\System32\\winevt\\Logs\\Microsoft-Windows-ModernDeployment-Diagnostics-Provider%4ManagementService.evtx","FileSize":69632,"SourceFileSha256":"1150ab21d1721d5bd59023c08ec1ae4596dca980544b3d1757b2c093e251bda1","Created":"2021-06-18T07:21:51.8999415Z","Modified":"2021-06-18T07:21:51.8999415Z","LastAccessed":"2021-06-18T07:21:51.8999415Z","_Source":"Windows.Collectors.File/Uploads"}
{"CopiedOnTimestamp":1626012392,"SourceFile":"C:\\Windows\\System32\\winevt\\Logs\\Microsoft-Windows-Kernel-PnP%4Configuration.evtx","DestinationFile":"C:\\Windows\\System32\\winevt\\Logs\\Microsoft-Windows-Kernel-PnP%4Configuration.evtx","FileSize":1052672,"SourceFileSha256":"7f76c244835fc396bdebea1a3f1bc3f4241da1fa6bc7244e14609c329be8beef","Created":"2021-06-19T19:41:08.3864246Z","Modified":"2021-06-19T19:41:08.3864246Z","LastAccessed":"2021-07-08T02:12:03.8147102Z","_Source":"Windows.Collectors.File/Uploads"}
{"CopiedOnTimestamp":1626012392,"SourceFile":"C:\\Windows\\System32\\winevt\\Logs\\Microsoft-Windows-Privacy-Auditing%4Operational.evtx","DestinationFile":"C:\\Windows\\System32\\winevt\\Logs\\Microsoft-Windows-Privacy-Auditing%4Operational.evtx","FileSize":1118208,"SourceFileSha256":"a218a0f2e62d1c61d3868ade5288ed3a417433d41e5ccb0b04d84a505fa4dd35","Created":"2021-06-19T19:41:08.3864246Z","Modified":"2021-06-19T19:41:08.3864246Z","LastAccessed":"2021-07-08T02:20:31.5645531Z","_Source":"Windows.Collectors.File/Uploads"}
{"CopiedOnTimestamp":1626012392,"SourceFile":"C:\\Windows\\System32\\winevt\\Logs\\Microsoft-Windows-PowerShell%4Admin.evtx","DestinationFile":"C:\\Windows\\System32\\winevt\\Logs\\Microsoft-Windows-PowerShell%4Admin.evtx","FileSize":69632,"SourceFileSha256":"f5f9e97a6b1ec8d46a9bd5b9d4ccae96521b85517b0337b248814d2e974a968b","Created":"2021-06-18T07:21:51.8530672Z","Modified":"2021-06-18T07:21:51.8530672Z","LastAccessed":"2021-06-20T10:40:33.612755Z","_Source":"Windows.Collectors.File/Uploads"}
{"CopiedOnTimestamp":1626012392,"SourceFile":"C:\\Windows\\System32\\winevt\\Logs\\Microsoft-Windows-Resource-Exhaustion-Resolver%4Operational.evtx","DestinationFile":"C:\\Windows\\System32\\winevt\\Logs\\Microsoft-Windows-Resource-Exhaustion-Resolver%4Operational.evtx","FileSize":69632,"SourceFileSha256":"f44ab1574c93d0cd29875848a0982b215ae13a93ae6da050cde59d4b3d28b76b","Created":"2021-07-08T01:14:27.5278402Z","Modified":"2021-07-08T01:14:27.5278402Z","LastAccessed":"2021-07-08T01:14:27.5278402Z","_Source":"Windows.Collectors.File/Uploads"}
{"CopiedOnTimestamp":1626012392,"SourceFile":"C:\\Windows\\System32\\winevt\\Logs\\Microsoft-Windows-RemoteAssistance%4Operational.evtx","DestinationFile":"C:\\Windows\\System32\\winevt\\Logs\\Microsoft-Windows-RemoteAssistance%4Operational.evtx","FileSize":69632,"SourceFileSha256":"5f5031cd7b3973bb80d0412bf9ef0474215446af3c4474a82a5dc612aa696e4d","Created":"2021-07-08T01:14:27.5278402Z","Modified":"2021-07-08T01:14:27.5278402Z","LastAccessed":"2021-07-08T01:14:27.5278402Z","_Source":"Windows.Collectors.File/Uploads"}
{"CopiedOnTimestamp":1626012392,"SourceFile":"C:\\Windows\\System32\\winevt\\Logs\\Microsoft-Windows-PowerShell%4Operational.evtx","DestinationFile":"C:\\Windows\\System32\\winevt\\Logs\\Microsoft-Windows-PowerShell%4Operational.evtx","FileSize":2166784,"SourceFileSha256":"44bb52a04672c10bb17d28b272a084aa201e03e382d731146c078f3c0964c68c","Created":"2021-07-11T13:35:43.3254045Z","Modified":"2021-07-11T13:35:43.3254045Z","LastAccessed":"2021-07-11T13:35:43.3254045Z","_Source":"Windows.Collectors.File/Uploads"}
{"CopiedOnTimestamp":1626012392,"SourceFile":"C:\\Windows\\System32\\winevt\\Logs\\Microsoft-Windows-RestartManager%4Operational.evtx","DestinationFile":"C:\\Windows\\System32\\winevt\\Logs\\Microsoft-Windows-RestartManager%4Operational.evtx","FileSize":69632,"SourceFileSha256":"6deca9e699cb722576f4da2d1ec9ad22814be6045c847220ee8562f01fa1f316","Created":"2021-06-18T07:21:51.8530672Z","Modified":"2021-06-18T07:21:51.8530672Z","LastAccessed":"2021-06-19T19:42:35.5035727Z","_Source":"Windows.Collectors.File/Uploads"}
{"CopiedOnTimestamp":1626012392,"SourceFile":"C:\\Windows\\System32\\winevt\\Logs\\Microsoft-Windows-Security-SPP-UX-Notifications%4ActionCenter.evtx","DestinationFile":"C:\\Windows\\System32\\winevt\\Logs\\Microsoft-Windows-Security-SPP-UX-Notifications%4ActionCenter.evtx","FileSize":69632,"SourceFileSha256":"f3dc875640e95407c0c2df6e976feb0bb762cb3c36ce06a47b7cd3a39ac358c2","Created":"2021-06-18T07:21:51.8530672Z","Modified":"2021-06-18T07:21:51.8530672Z","LastAccessed":"2021-06-18T07:21:51.8530672Z","_Source":"Windows.Collectors.File/Uploads"}
{"CopiedOnTimestamp":1626012392,"SourceFile":"C:\\Windows\\System32\\winevt\\Logs\\Microsoft-Windows-RemoteAssistance%4Admin.evtx","DestinationFile":"C:\\Windows\\System32\\winevt\\Logs\\Microsoft-Windows-RemoteAssistance%4Admin.evtx","FileSize":69632,"SourceFileSha256":"f5f9e97a6b1ec8d46a9bd5b9d4ccae96521b85517b0337b248814d2e974a968b","Created":"2021-06-19T19:41:08.3864246Z","Modified":"2021-06-19T19:41:08.3864246Z","LastAccessed":"2021-06-19T19:41:08.3864246Z","_Source":"Windows.Collectors.File/Uploads"}
{"CopiedOnTimestamp":1626012392,"SourceFile":"C:\\Windows\\System32\\winevt\\Logs\\Microsoft-Windows-StorageSpaces-ManagementAgent%4WHC.evtx","DestinationFile":"C:\\Windows\\System32\\winevt\\Logs\\Microsoft-Windows-StorageSpaces-ManagementAgent%4WHC.evtx","FileSize":69632,"SourceFileSha256":"a5f87fbf54b24843bb80be83bf687d574d1c62462afc753b490f7013eef21099","Created":"2021-06-18T07:21:51.8530672Z","Modified":"2021-06-18T07:21:51.8530672Z","LastAccessed":"2021-07-11T12:35:47.4079141Z","_Source":"Windows.Collectors.File/Uploads"}
{"CopiedOnTimestamp":1626012392,"SourceFile":"C:\\Windows\\System32\\winevt\\Logs\\Microsoft-Windows-Storsvc%4Diagnostic.evtx","DestinationFile":"C:\\Windows\\System32\\winevt\\Logs\\Microsoft-Windows-Storsvc%4Diagnostic.evtx","FileSize":69632,"SourceFileSha256":"e87b0a62a84eeed62427f23e214eb503ff2ad52fd377d4a92e02cadb98a03e5b","Created":"2021-07-09T02:29:05.3611532Z","Modified":"2021-07-09T02:29:05.3611532Z","LastAccessed":"2021-07-09T02:29:05.3611532Z","_Source":"Windows.Collectors.File/Uploads"}
{"CopiedOnTimestamp":1626012392,"SourceFile":"C:\\Windows\\System32\\winevt\\Logs\\Microsoft-Windows-TWinUI%4Operational.evtx","DestinationFile":"C:\\Windows\\System32\\winevt\\Logs\\Microsoft-Windows-TWinUI%4Operational.evtx","FileSize":69632,"SourceFileSha256":"d146ab6b032185699662c05e0303574ed49090aecd7c4f9763d676fcf6e0e189","Created":"2021-07-11T12:34:43.4331129Z","Modified":"2021-07-11T12:34:43.4331129Z","LastAccessed":"2021-07-11T12:34:43.4331129Z","_Source":"Windows.Collectors.File/Uploads"}
{"CopiedOnTimestamp":1626012392,"SourceFile":"C:\\Windows\\System32\\winevt\\Logs\\Microsoft-Windows-TaskScheduler%4Maintenance.evtx","DestinationFile":"C:\\Windows\\System32\\winevt\\Logs\\Microsoft-Windows-TaskScheduler%4Maintenance.evtx","FileSize":1052672,"SourceFileSha256":"7f95e5a6ddb07209f40db8f746e1b7025a58a307dd87e843ec9b565d39fdeab6","Created":"2021-07-11T08:29:42.7039019Z","Modified":"2021-07-11T08:29:42.7039019Z","LastAccessed":"2021-07-11T12:35:39.4706685Z","_Source":"Windows.Collectors.File/Uploads"}
{"CopiedOnTimestamp":1626012392,"SourceFile":"C:\\Windows\\System32\\winevt\\Logs\\Microsoft-Windows-TerminalServices-LocalSessionManager%4Operational.evtx","DestinationFile":"C:\\Windows\\System32\\winevt\\Logs\\Microsoft-Windows-TerminalServices-LocalSessionManager%4Operational.evtx","FileSize":69632,"SourceFileSha256":"3ab43f02a0bf420852fb92eafe0a055f3078f9fe84b4bc9a038614202fdb4d9f","Created":"2021-07-08T02:12:43.2834668Z","Modified":"2021-07-08T02:12:43.2834668Z","LastAccessed":"2021-07-08T02:12:43.2834668Z","_Source":"Windows.Collectors.File/Uploads"}
{"CopiedOnTimestamp":1626012392,"SourceFile":"C:\\Windows\\System32\\winevt\\Logs\\Microsoft-Windows-TerminalServices-LocalSessionManager%4Admin.evtx","DestinationFile":"C:\\Windows\\System32\\winevt\\Logs\\Microsoft-Windows-TerminalServices-LocalSessionManager%4Admin.evtx","FileSize":69632,"SourceFileSha256":"f5f9e97a6b1ec8d46a9bd5b9d4ccae96521b85517b0337b248814d2e974a968b","Created":"2021-06-17T17:29:01.7142594Z","Modified":"2021-06-17T17:29:01.7142594Z","LastAccessed":"2021-07-08T02:11:42.5178436Z","_Source":"Windows.Collectors.File/Uploads"}
{"CopiedOnTimestamp":1626012392,"SourceFile":"C:\\Windows\\System32\\winevt\\Logs\\Microsoft-Windows-User Profile Service%4Operational.evtx","DestinationFile":"C:\\Windows\\System32\\winevt\\Logs\\Microsoft-Windows-User Profile Service%4Operational.evtx","FileSize":69632,"SourceFileSha256":"442ae88089fef81b078c9f4f985435e5b481a20aa76d6df2cf985a6ab25ce468","Created":"2021-07-11T12:29:06.4392884Z","Modified":"2021-07-11T12:29:06.4392884Z","LastAccessed":"2021-07-11T12:29:06.4392884Z","_Source":"Windows.Collectors.File/Uploads"}
{"CopiedOnTimestamp":1626012392,"SourceFile":"C:\\Windows\\System32\\winevt\\Logs\\Microsoft-Windows-UserPnp%4ActionCenter.evtx","DestinationFile":"C:\\Windows\\System32\\winevt\\Logs\\Microsoft-Windows-UserPnp%4ActionCenter.evtx","FileSize":69632,"SourceFileSha256":"f5f9e97a6b1ec8d46a9bd5b9d4ccae96521b85517b0337b248814d2e974a968b","Created":"2021-06-17T17:29:01.7142594Z","Modified":"2021-06-17T17:29:01.7142594Z","LastAccessed":"2021-07-11T12:35:42.3756272Z","_Source":"Windows.Collectors.File/Uploads"}
{"CopiedOnTimestamp":1626012392,"SourceFile":"C:\\Windows\\System32\\winevt\\Logs\\Microsoft-Windows-VPN%4Operational.evtx","DestinationFile":"C:\\Windows\\System32\\winevt\\Logs\\Microsoft-Windows-VPN%4Operational.evtx","FileSize":69632,"SourceFileSha256":"f5f9e97a6b1ec8d46a9bd5b9d4ccae96521b85517b0337b248814d2e974a968b","Created":"2021-07-08T01:14:27.3403493Z","Modified":"2021-07-08T01:14:27.3403493Z","LastAccessed":"2021-07-08T01:14:27.3403493Z","_Source":"Windows.Collectors.File/Uploads"}
{"CopiedOnTimestamp":1626012392,"SourceFile":"C:\\Windows\\System32\\winevt\\Logs\\Microsoft-Windows-WER-PayloadHealth%4Operational.evtx","DestinationFile":"C:\\Windows\\System32\\winevt\\Logs\\Microsoft-Windows-WER-PayloadHealth%4Operational.evtx","FileSize":69632,"SourceFileSha256":"468463fda2c44e07775777c7d7c0a3979c49a5828934f770982f08d9e8ceb4b4","Created":"2021-07-08T02:16:15.2366188Z","Modified":"2021-07-08T02:16:15.2366188Z","LastAccessed":"2021-07-08T02:16:15.2366188Z","_Source":"Windows.Collectors.File/Uploads"}
{"CopiedOnTimestamp":1626012392,"SourceFile":"C:\\Windows\\System32\\winevt\\Logs\\Microsoft-Windows-VolumeSnapshot-Driver%4Operational.evtx","DestinationFile":"C:\\Windows\\System32\\winevt\\Logs\\Microsoft-Windows-VolumeSnapshot-Driver%4Operational.evtx","FileSize":69632,"SourceFileSha256":"2dce094aa0e05035f744c0d8176bdcdf904fed4dfc08f9cd434b2a71134d01d5","Created":"2021-07-08T02:12:41.6741088Z","Modified":"2021-07-08T02:12:41.6741088Z","LastAccessed":"2021-07-08T02:12:41.6741088Z","_Source":"Windows.Collectors.File/Uploads"}
{"CopiedOnTimestamp":1626012392,"SourceFile":"C:\\Windows\\System32\\winevt\\Logs\\Microsoft-Windows-WFP%4Operational.evtx","DestinationFile":"C:\\Windows\\System32\\winevt\\Logs\\Microsoft-Windows-WFP%4Operational.evtx","FileSize":69632,"SourceFileSha256":"2c73d9b0a8b3796a829c2f4b1f368902a901ae48ccb32153448fef3c3002e3ca","Created":"2021-07-08T02:13:26.3303347Z","Modified":"2021-07-08T02:13:26.3303347Z","LastAccessed":"2021-07-08T02:13:26.3303347Z","_Source":"Windows.Collectors.File/Uploads"}
{"CopiedOnTimestamp":1626012392,"SourceFile":"C:\\Windows\\System32\\winevt\\Logs\\Microsoft-Windows-Wcmsvc%4Operational.evtx","DestinationFile":"C:\\Windows\\System32\\winevt\\Logs\\Microsoft-Windows-Wcmsvc%4Operational.evtx","FileSize":69632,"SourceFileSha256":"c7eed382ba7f6e134820a825e26fa531f87c5f0f843dc317d39759b42e8f9b5b","Created":"2021-07-08T02:13:16.3303471Z","Modified":"2021-07-08T02:13:16.3303471Z","LastAccessed":"2021-07-08T02:13:16.3303471Z","_Source":"Windows.Collectors.File/Uploads"}
{"CopiedOnTimestamp":1626012392,"SourceFile":"C:\\Windows\\System32\\winevt\\Logs\\Microsoft-Windows-WinINet-Config%4ProxyConfigChanged.evtx","DestinationFile":"C:\\Windows\\System32\\winevt\\Logs\\Microsoft-Windows-WinINet-Config%4ProxyConfigChanged.evtx","FileSize":69632,"SourceFileSha256":"6ff3dc92e55e148cc3b822e114174883b8f99350f3795b70548a233e13191a6f","Created":"2021-06-19T19:41:08.3864246Z","Modified":"2021-06-19T19:41:08.3864246Z","LastAccessed":"2021-07-08T02:09:57.5334661Z","_Source":"Windows.Collectors.File/Uploads"}
{"CopiedOnTimestamp":1626012392,"SourceFile":"C:\\Windows\\System32\\winevt\\Logs\\Microsoft-Windows-WebAuthN%4Operational.evtx","DestinationFile":"C:\\Windows\\System32\\winevt\\Logs\\Microsoft-Windows-WebAuthN%4Operational.evtx","FileSize":69632,"SourceFileSha256":"b39ec66fe0e5ead6e867f834ce00751b6674cf52dc9d7e2c673831f2d7f54732","Created":"2021-07-08T02:12:16.6584596Z","Modified":"2021-07-08T02:12:16.6584596Z","LastAccessed":"2021-07-08T02:12:16.6584596Z","_Source":"Windows.Collectors.File/Uploads"}
{"CopiedOnTimestamp":1626012392,"SourceFile":"C:\\Windows\\System32\\winevt\\Logs\\Microsoft-Windows-WinRM%4Operational.evtx","DestinationFile":"C:\\Windows\\System32\\winevt\\Logs\\Microsoft-Windows-WinRM%4Operational.evtx","FileSize":1052672,"SourceFileSha256":"6d8396663ee0a8a1c6531b1af3774c4f9f2f9fbdf153ebeca62c0db7fc8fa835","Created":"2021-07-08T02:11:15.6272091Z","Modified":"2021-07-08T02:11:15.6272091Z","LastAccessed":"2021-07-08T02:11:15.6272091Z","_Source":"Windows.Collectors.File/Uploads"}
{"CopiedOnTimestamp":1626012392,"SourceFile":"C:\\Windows\\System32\\winevt\\Logs\\Microsoft-Windows-Windows Defender%4WHC.evtx","DestinationFile":"C:\\Windows\\System32\\winevt\\Logs\\Microsoft-Windows-Windows Defender%4WHC.evtx","FileSize":69632,"SourceFileSha256":"f5f9e97a6b1ec8d46a9bd5b9d4ccae96521b85517b0337b248814d2e974a968b","Created":"2021-06-17T17:29:01.7142594Z","Modified":"2021-06-17T17:29:01.7142594Z","LastAccessed":"2021-07-11T12:35:38.7501168Z","_Source":"Windows.Collectors.File/Uploads"}
{"CopiedOnTimestamp":1626012392,"SourceFile":"C:\\Windows\\System32\\winevt\\Logs\\Microsoft-Windows-Shell-Core%4Operational.evtx","DestinationFile":"C:\\Windows\\System32\\winevt\\Logs\\Microsoft-Windows-Shell-Core%4Operational.evtx","FileSize":1052672,"SourceFileSha256":"bf40442a73081106a977aeebcebb9bdcfc7b98324ad461b11c9a93f6d1a33c95","Created":"2021-07-11T12:30:11.6957474Z","Modified":"2021-07-11T12:30:11.6957474Z","LastAccessed":"2021-07-11T12:30:11.6957474Z","_Source":"Windows.Collectors.File/Uploads"}
{"CopiedOnTimestamp":1626012392,"SourceFile":"C:\\Windows\\System32\\winevt\\Logs\\Microsoft-Windows-Windows Firewall With Advanced Security%4ConnectionSecurity.evtx","DestinationFile":"C:\\Windows\\System32\\winevt\\Logs\\Microsoft-Windows-Windows Firewall With Advanced Security%4ConnectionSecurity.evtx","FileSize":69632,"SourceFileSha256":"f5f9e97a6b1ec8d46a9bd5b9d4ccae96521b85517b0337b248814d2e974a968b","Created":"2021-06-17T17:29:01.7142594Z","Modified":"2021-06-17T17:29:01.7142594Z","LastAccessed":"2021-07-08T02:12:34.6740909Z","_Source":"Windows.Collectors.File/Uploads"}
{"CopiedOnTimestamp":1626012392,"SourceFile":"C:\\Windows\\System32\\winevt\\Logs\\Microsoft-Windows-Windows Firewall With Advanced Security%4FirewallDiagnostics.evtx","DestinationFile":"C:\\Windows\\System32\\winevt\\Logs\\Microsoft-Windows-Windows Firewall With Advanced Security%4FirewallDiagnostics.evtx","FileSize":69632,"SourceFileSha256":"fbcbfd055c6cd3f0768769614d7cbb999a3e65c6f4008a587fa0e4ce48418c6b","Created":"2021-07-08T02:13:43.283476Z","Modified":"2021-07-08T02:13:43.283476Z","LastAccessed":"2021-07-08T02:13:43.283476Z","_Source":"Windows.Collectors.File/Uploads"}
{"CopiedOnTimestamp":1626012392,"SourceFile":"C:\\Windows\\System32\\winevt\\Logs\\Microsoft-Windows-WindowsBackup%4ActionCenter.evtx","DestinationFile":"C:\\Windows\\System32\\winevt\\Logs\\Microsoft-Windows-WindowsBackup%4ActionCenter.evtx","FileSize":69632,"SourceFileSha256":"659153ae305f4741a5f5f41101876693633ee3dd9483ab51f920a5903ecf2f84","Created":"2021-06-18T07:21:51.8530672Z","Modified":"2021-06-18T07:21:51.8530672Z","LastAccessed":"2021-07-11T12:35:38.639565Z","_Source":"Windows.Collectors.File/Uploads"}
{"CopiedOnTimestamp":1626012392,"SourceFile":"C:\\Windows\\System32\\winevt\\Logs\\Microsoft-Windows-Winlogon%4Operational.evtx","DestinationFile":"C:\\Windows\\System32\\winevt\\Logs\\Microsoft-Windows-Winlogon%4Operational.evtx","FileSize":1052672,"SourceFileSha256":"22563e363411449e1f69ba9ee3320cbf09e8b43df322ec1fbeb23eb4e65d0959","Created":"2021-07-08T02:12:52.4865911Z","Modified":"2021-07-08T02:12:52.4865911Z","LastAccessed":"2021-07-08T02:12:52.4865911Z","_Source":"Windows.Collectors.File/Uploads"}
{"CopiedOnTimestamp":1626012392,"SourceFile":"C:\\Windows\\System32\\winevt\\Logs\\Microsoft-Windows-WorkFolders%4WHC.evtx","DestinationFile":"C:\\Windows\\System32\\winevt\\Logs\\Microsoft-Windows-WorkFolders%4WHC.evtx","FileSize":69632,"SourceFileSha256":"06d7e12e25267a486a850bec86b29e283f620804de428ed6e8c0c05e21d1e52c","Created":"2021-06-18T07:21:51.8530672Z","Modified":"2021-06-18T07:21:51.8530672Z","LastAccessed":"2021-07-11T12:35:47.9104623Z","_Source":"Windows.Collectors.File/Uploads"}
{"CopiedOnTimestamp":1626012392,"SourceFile":"C:\\Windows\\System32\\winevt\\Logs\\Microsoft-Windows-Shell-Core%4AppDefaults.evtx","DestinationFile":"C:\\Windows\\System32\\winevt\\Logs\\Microsoft-Windows-Shell-Core%4AppDefaults.evtx","FileSize":1052672,"SourceFileSha256":"010d5677928b50f5b8f18bd8349eb58e89d1f100950726563d4b29db9e61345d","Created":"2021-07-11T12:30:11.775023Z","Modified":"2021-07-11T12:30:11.775023Z","LastAccessed":"2021-07-11T12:30:11.775023Z","_Source":"Windows.Collectors.File/Uploads"}
{"CopiedOnTimestamp":1626012392,"SourceFile":"C:\\Windows\\System32\\winevt\\Logs\\Setup.evtx","DestinationFile":"C:\\Windows\\System32\\winevt\\Logs\\Setup.evtx","FileSize":69632,"SourceFileSha256":"64b31da68f3321b96c3142dd412715f202a6b48b7aa3309309f0c787856dd113","Created":"2021-07-08T02:23:50.4269092Z","Modified":"2021-07-08T02:23:50.4269092Z","LastAccessed":"2021-07-08T02:23:50.4269092Z","_Source":"Windows.Collectors.File/Uploads"}
{"CopiedOnTimestamp":1626012393,"SourceFile":"C:\\Windows\\System32\\winevt\\Logs\\Microsoft-Windows-StateRepository%4Operational.evtx","DestinationFile":"C:\\Windows\\System32\\winevt\\Logs\\Microsoft-Windows-StateRepository%4Operational.evtx","FileSize":1118208,"SourceFileSha256":"c409f77252a70d4ada54f92c7e701dea7a749f06458eeb61932db8c9da02da11","Created":"2021-07-09T16:34:02.9800192Z","Modified":"2021-07-09T16:34:02.9800192Z","LastAccessed":"2021-07-09T16:34:02.9800192Z","_Source":"Windows.Collectors.File/Uploads"}
{"CopiedOnTimestamp":1626012393,"SourceFile":"C:\\Windows\\System32\\winevt\\Logs\\Microsoft-Windows-PushNotification-Platform%4Operational.evtx","DestinationFile":"C:\\Windows\\System32\\winevt\\Logs\\Microsoft-Windows-PushNotification-Platform%4Operational.evtx","FileSize":1052672,"SourceFileSha256":"e964c50bcc0e0740bb2cdce909dde651cc2571544d4f6f2e5b38afe3ca2a27e3","Created":"2021-07-08T07:50:31.8321885Z","Modified":"2021-07-08T07:50:31.8321885Z","LastAccessed":"2021-07-08T07:50:31.8321885Z","_Source":"Windows.Collectors.File/Uploads"}
{"CopiedOnTimestamp":1626012393,"SourceFile":"C:\\Windows\\System32\\winevt\\Logs\\Microsoft-Windows-GroupPolicy%4Operational.evtx","DestinationFile":"C:\\Windows\\System32\\winevt\\Logs\\Microsoft-Windows-GroupPolicy%4Operational.evtx","FileSize":4198400,"SourceFileSha256":"381d147bc6011c0dd2eccc92e14ccdb16cfa33bd3d7ed1290b24f7b5b3fbef32","Created":"2021-07-11T11:35:23.1659814Z","Modified":"2021-07-11T11:35:23.1659814Z","LastAccessed":"2021-07-11T11:35:23.1659814Z","_Source":"Windows.Collectors.File/Uploads"}
{"CopiedOnTimestamp":1626012393,"SourceFile":"C:\\Windows\\System32\\winevt\\Logs\\Microsoft-Windows-UniversalTelemetryClient%4Operational.evtx","DestinationFile":"C:\\Windows\\System32\\winevt\\Logs\\Microsoft-Windows-UniversalTelemetryClient%4Operational.evtx","FileSize":1052672,"SourceFileSha256":"b5560de2d92124c00f42a5be18baf4d0c00b738050bf7540582965aea39bdc1c","Created":"2021-07-11T11:20:20.9417931Z","Modified":"2021-07-11T11:20:20.9417931Z","LastAccessed":"2021-07-11T11:20:20.9417931Z","_Source":"Windows.Collectors.File/Uploads"}
{"CopiedOnTimestamp":1626012393,"SourceFile":"C:\\Windows\\System32\\winevt\\Logs\\Microsoft-Windows-Windows Defender%4Operational.evtx","DestinationFile":"C:\\Windows\\System32\\winevt\\Logs\\Microsoft-Windows-Windows Defender%4Operational.evtx","FileSize":1052672,"SourceFileSha256":"c19fd7e9be5b489e94120492c32b41c529f33a6fc1b92dc3abdd2d2cc60d60b4","Created":"2021-07-09T20:33:42.144651Z","Modified":"2021-07-09T20:33:42.144651Z","LastAccessed":"2021-07-09T20:33:42.144651Z","_Source":"Windows.Collectors.File/Uploads"}
{"CopiedOnTimestamp":1626012393,"SourceFile":"C:\\Windows\\System32\\winevt\\Logs\\Microsoft-Windows-TZSync%4Operational.evtx","DestinationFile":"C:\\Windows\\System32\\winevt\\Logs\\Microsoft-Windows-TZSync%4Operational.evtx","FileSize":69632,"SourceFileSha256":"eb68ed675248f09ac9e682197c99d833531b36d7e3251f909a9d9604533a6481","Created":"2021-07-08T01:14:27.5278402Z","Modified":"2021-07-08T01:14:27.5278402Z","LastAccessed":"2021-07-08T01:14:27.5278402Z","_Source":"Windows.Collectors.File/Uploads"}
{"CopiedOnTimestamp":1626012393,"SourceFile":"C:\\Windows\\System32\\winevt\\Logs\\Windows PowerShell.evtx","DestinationFile":"C:\\Windows\\System32\\winevt\\Logs\\Windows PowerShell.evtx","FileSize":1118208,"SourceFileSha256":"aff9a0900895fb333a505e214abf5ec0779410a4e243d0832e8863dc6b59dae5","Created":"2021-07-11T11:40:23.1695763Z","Modified":"2021-07-11T11:40:23.1695763Z","LastAccessed":"2021-07-11T11:40:23.1695763Z","_Source":"Windows.Collectors.File/Uploads"}
{"CopiedOnTimestamp":1626012393,"SourceFile":"C:\\Windows\\System32\\winevt\\Logs\\Microsoft-Windows-User Device Registration%4Admin.evtx","DestinationFile":"C:\\Windows\\System32\\winevt\\Logs\\Microsoft-Windows-User Device Registration%4Admin.evtx","FileSize":1052672,"SourceFileSha256":"00dfbcf600b4bdce2f34ad515137ee34e4ef8963d88def996080db929a779e8b","Created":"2021-07-09T01:53:42.4760717Z","Modified":"2021-07-09T01:53:42.4760717Z","LastAccessed":"2021-07-09T01:53:42.4760717Z","_Source":"Windows.Collectors.File/Uploads"}
{"CopiedOnTimestamp":1626012393,"SourceFile":"C:\\Windows\\System32\\winevt\\Logs\\Microsoft-Windows-Time-Service%4Operational.evtx","DestinationFile":"C:\\Windows\\System32\\winevt\\Logs\\Microsoft-Windows-Time-Service%4Operational.evtx","FileSize":1052672,"SourceFileSha256":"f86d139b049ab368669422f0d02a9f0362345b187ceb688f726352385ae99b5d","Created":"2021-07-09T18:05:39.8017957Z","Modified":"2021-07-09T18:05:39.8017957Z","LastAccessed":"2021-07-09T18:05:39.8017957Z","_Source":"Windows.Collectors.File/Uploads"}
{"CopiedOnTimestamp":1626012393,"SourceFile":"C:\\Windows\\System32\\winevt\\Logs\\Microsoft-Windows-WMI-Activity%4Operational.evtx","DestinationFile":"C:\\Windows\\System32\\winevt\\Logs\\Microsoft-Windows-WMI-Activity%4Operational.evtx","FileSize":1052672,"SourceFileSha256":"22921bf6935bf5071b9229354d239aac41f024fb4b6ebd324918c7671a3fc472","Created":"2021-07-11T11:40:23.1695763Z","Modified":"2021-07-11T11:40:23.1695763Z","LastAccessed":"2021-07-11T11:40:23.1695763Z","_Source":"Windows.Collectors.File/Uploads"}
{"CopiedOnTimestamp":1626012393,"SourceFile":"C:\\Windows\\System32\\winevt\\Logs\\Microsoft-Windows-WindowsUpdateClient%4Operational.evtx","DestinationFile":"C:\\Windows\\System32\\winevt\\Logs\\Microsoft-Windows-WindowsUpdateClient%4Operational.evtx","FileSize":1052672,"SourceFileSha256":"8da89c718564b5e5275cc22b2989306fbac1d7b281b3e9ab4cdc1a2d811a49c0","Created":"2021-07-09T12:14:17.0885282Z","Modified":"2021-07-09T12:14:17.0885282Z","LastAccessed":"2021-07-09T12:14:17.0885282Z","_Source":"Windows.Collectors.File/Uploads"}
{"CopiedOnTimestamp":1626012393,"SourceFile":"C:\\Windows\\System32\\winevt\\Logs\\Microsoft-Windows-WindowsSystemAssessmentTool%4Operational.evtx","DestinationFile":"C:\\Windows\\System32\\winevt\\Logs\\Microsoft-Windows-WindowsSystemAssessmentTool%4Operational.evtx","FileSize":69632,"SourceFileSha256":"a3f1da1178b5abcf4dddcdad979a3c6d7ec0727bb7d655d650f2b48564beddaa","Created":"2021-06-19T19:41:08.3864246Z","Modified":"2021-06-19T19:41:08.3864246Z","LastAccessed":"2021-06-19T19:41:08.3864246Z","_Source":"Windows.Collectors.File/Uploads"}
{"CopiedOnTimestamp":1626012393,"SourceFile":"C:\\Windows\\System32\\winevt\\Logs\\Microsoft-Windows-Windows Firewall With Advanced Security%4Firewall.evtx","DestinationFile":"C:\\Windows\\System32\\winevt\\Logs\\Microsoft-Windows-Windows Firewall With Advanced Security%4Firewall.evtx","FileSize":1052672,"SourceFileSha256":"a81aff63fd595b3097ce6b2ac7cb62997214f9f2eddf6b642554cff9bb48ce6a","Created":"2021-07-11T00:32:32.1969474Z","Modified":"2021-07-11T00:32:32.1969474Z","LastAccessed":"2021-07-11T00:32:32.1969474Z","_Source":"Windows.Collectors.File/Uploads"}
{"CopiedOnTimestamp":1626012393,"SourceFile":"C:\\Windows\\System32\\winevt\\Logs\\System.evtx","DestinationFile":"C:\\Windows\\System32\\winevt\\Logs\\System.evtx","FileSize":1118208,"SourceFileSha256":"b1886b0131204a54eb21f708e94729b5948d9f81820e7ee77a2e2ac9e4c4c56a","Created":"2021-07-11T12:53:25.3728803Z","Modified":"2021-07-11T12:53:25.3728803Z","LastAccessed":"2021-07-11T12:58:48.5490111Z","_Source":"Windows.Collectors.File/Uploads"}
{"CopiedOnTimestamp":1626012393,"SourceFile":"C:\\Windows\\System32\\winevt\\Logs\\Microsoft-Windows-UserPnp%4DeviceInstall.evtx","DestinationFile":"C:\\Windows\\System32\\winevt\\Logs\\Microsoft-Windows-UserPnp%4DeviceInstall.evtx","FileSize":69632,"SourceFileSha256":"d00b39ea21410e524a9ece4a24bb5f7e7d815e9f861af6d797f24d5a8486ea0e","Created":"2021-06-18T07:21:51.8530672Z","Modified":"2021-06-18T07:21:51.8530672Z","LastAccessed":"2021-06-18T07:21:51.8530672Z","_Source":"Windows.Collectors.File/Uploads"}
{"CopiedOnTimestamp":1626012415,"SourceFile":"C:\\Windows\\System32\\winevt\\Logs\\Microsoft-Windows-TaskScheduler%4Operational.evtx","DestinationFile":"C:\\Windows\\System32\\winevt\\Logs\\Microsoft-Windows-TaskScheduler%4Operational.evtx","FileSize":10489856,"SourceFileSha256":"90734a485e3807738b31e4a405c4c0aba3a1e0a2d3c3dd78fa0d4f86d09dba21","Created":"2021-07-09T21:12:48.3785097Z","Modified":"2021-07-09T21:12:48.3785097Z","LastAccessed":"2021-07-09T21:12:48.3785097Z","_Source":"Windows.Collectors.File/Uploads"}
{"CopiedOnTimestamp":1626012422,"SourceFile":"C:\\Windows\\System32\\winevt\\Logs\\Microsoft-Windows-Store%4Operational.evtx","DestinationFile":"C:\\Windows\\System32\\winevt\\Logs\\Microsoft-Windows-Store%4Operational.evtx","FileSize":16846848,"SourceFileSha256":"1f231b9c8b2dcdf11a0bd19f0da4729568b2ae9ff07389dd8bd053eef4decdcd","Created":"2021-07-09T12:14:17.0885282Z","Modified":"2021-07-09T12:14:17.0885282Z","LastAccessed":"2021-07-09T12:14:17.0885282Z","_Source":"Windows.Collectors.File/Uploads"}
{"CopiedOnTimestamp":1626012422,"SourceFile":"C:\\Windows\\System32\\winevt\\Logs\\Microsoft-Windows-Sysmon%4Operational.evtx","DestinationFile":"C:\\Windows\\System32\\winevt\\Logs\\Microsoft-Windows-Sysmon%4Operational.evtx","FileSize":16846848,"SourceFileSha256":"71eed5f43ab840775002f954bdb9e8122167be1bc829828c0164bf742ebe1bc1","Created":"2021-07-11T14:03:59.5322237Z","Modified":"2021-07-11T14:03:59.5322237Z","LastAccessed":"2021-07-11T14:03:59.5322237Z","_Source":"Windows.Collectors.File/Uploads"}
{"CopiedOnTimestamp":1626012423,"SourceFile":"C:\\Windows\\System32\\winevt\\Logs\\Security.evtx","DestinationFile":"C:\\Windows\\System32\\winevt\\Logs\\Security.evtx","FileSize":20975616,"SourceFileSha256":"1354398263e1ea144f45a0e4bd5bc58ec703b287f05214402b93adef27e46efa","Created":"2021-07-09T23:47:03.9019478Z","Modified":"2021-07-09T23:47:03.9019478Z","LastAccessed":"2021-07-09T23:47:03.9019478Z","_Source":"Windows.Collectors.File/Uploads"}
