CopiedOnTimestamp,SourceFile,DestinationFile,FileSize,SourceFileSha256,Created,Modified,LastAccessed,_Source
1626012385,C:\Windows\System32\winevt\Logs\Microsoft-Client-Licensing-Platform%4Admin.evtx,C:\Windows\System32\winevt\Logs\Microsoft-Client-Licensing-Platform%4Admin.evtx,1052672,1a91dec84f64606d455d2c0e9021f68aa1bad5842f4b2af56fb45d6767964c3f,2021-07-10T16:07:41.5875357Z,2021-07-10T16:07:41.5875357Z,2021-07-10T16:07:41.5875357Z,Windows.Collectors.File/Uploads
1626012385,C:\Windows\System32\winevt\Logs\Microsoft-Windows-AAD%4Operational.evtx,C:\Windows\System32\winevt\Logs\Microsoft-Windows-AAD%4Operational.evtx,1052672,3798fe844cfcbe81c9a53064723bd4bed879b2ce80445372b114b4213cdb2453,2021-07-11T12:38:57.8649092Z,2021-07-11T12:38:57.8649092Z,2021-07-11T12:38:57.8649092Z,Windows.Collectors.File/Uploads
1626012385,C:\Windows\System32\winevt\Logs\Microsoft-Windows-AppReadiness%4Operational.evtx,C:\Windows\System32\winevt\Logs\Microsoft-Windows-AppReadiness%4Operational.evtx,69632,6a3e97a66155808b4219696f53b9905952ff48ef02d2b4b4c2a300be21b438c0,2021-07-08T02:23:27.4409564Z,2021-07-08T02:23:27.4409564Z,2021-07-08T02:23:27.4409564Z,Windows.Collectors.File/Uploads
1626012386,C:\Windows\System32\winevt\Logs\Internet Explorer.evtx,C:\Windows\System32\winevt\Logs\Internet Explorer.evtx,69632,f5f9e97a6b1ec8d46a9bd5b9d4ccae96521b85517b0337b248814d2e974a968b,2021-06-17T17:29:01.7298824Z,2021-06-17T17:29:01.7298824Z,2021-07-08T02:09:38.892839Z,Windows.Collectors.File/Uploads
1626012386,C:\Windows\System32\winevt\Logs\Microsoft-Windows-DeviceSetupManager%4Admin.evtx,C:\Windows\System32\winevt\Logs\Microsoft-Windows-DeviceSetupManager%4Admin.evtx,69632,946214ca83507a868cbbab3d2823f4726c5b4e2f405d865e0a6d7f8d329229d8,2021-07-08T01:14:27.7465777Z,2021-07-08T01:14:27.7465777Z,2021-07-08T01:14:27.7465777Z,Windows.Collectors.File/Uploads
1626012386,C:\Windows\System32\winevt\Logs\Microsoft-Windows-Crypto-NCrypt%4Operational.evtx,C:\Windows\System32\winevt\Logs\Microsoft-Windows-Crypto-NCrypt%4Operational.evtx,69632,bf29f21087816cfb5c295ab31c94610266075f7c382b77789ec8b45a9baf7453,2021-07-08T02:13:08.0334875Z,2021-07-08T02:13:08.0334875Z,2021-07-08T02:13:08.0334875Z,Windows.Collectors.File/Uploads
1626012386,C:\Windows\System32\winevt\Logs\Microsoft-Windows-AppXDeploymentServer%4Restricted.evtx,C:\Windows\System32\winevt\Logs\Microsoft-Windows-AppXDeploymentServer%4Restricted.evtx,69632,f5f9e97a6b1ec8d46a9bd5b9d4ccae96521b85517b0337b248814d2e974a968b,2021-06-17T17:29:01.7142594Z,2021-06-17T17:29:01.7142594Z,2021-07-08T02:19:06.2257849Z,Windows.Collectors.File/Uploads
1626012386,C:\Windows\System32\winevt\Logs\Microsoft-Windows-Application-Experience%4Program-Compatibility-Troubleshooter.evtx,C:\Windows\System32\winevt\Logs\Microsoft-Windows-Application-Experience%4Program-Compatibility-Troubleshooter.evtx,69632,f5f9e97a6b1ec8d46a9bd5b9d4ccae96521b85517b0337b248814d2e974a968b,2021-06-18T07:21:51.946819Z,2021-06-18T07:21:51.946819Z,2021-06-20T13:01:42.4289435Z,Windows.Collectors.File/Uploads
1626012386,C:\Windows\System32\winevt\Logs\Microsoft-Windows-Application-Experience%4Program-Compatibility-Assistant.evtx,C:\Windows\System32\winevt\Logs\Microsoft-Windows-Application-Experience%4Program-Compatibility-Assistant.evtx,69632,f5f9e97a6b1ec8d46a9bd5b9d4ccae96521b85517b0337b248814d2e974a968b,2021-06-17T17:29:01.7298824Z,2021-06-17T17:29:01.7298824Z,2021-07-08T02:22:24.9145115Z,Windows.Collectors.File/Uploads
1626012386,C:\Windows\System32\winevt\Logs\Microsoft-Windows-Application-Experience%4Program-Telemetry.evtx,C:\Windows\System32\winevt\Logs\Microsoft-Windows-Application-Experience%4Program-Telemetry.evtx,69632,a05e53cae884b9593b7ba42bd2c839272f7b180c87cfab8f4a50b1ee736d6b9d,2021-07-11T12:34:14.3197982Z,2021-07-11T12:34:14.3197982Z,2021-07-11T12:34:14.3197982Z,Windows.Collectors.File/Uploads
1626012386,C:\Windows\System32\winevt\Logs\Microsoft-Windows-Application-Experience%4Program-Inventory.evtx,C:\Windows\System32\winevt\Logs\Microsoft-Windows-Application-Experience%4Program-Inventory.evtx,69632,f5f9e97a6b1ec8d46a9bd5b9d4ccae96521b85517b0337b248814d2e974a968b,2021-06-18T07:21:51.946819Z,2021-06-18T07:21:51.946819Z,2021-06-20T13:01:42.1476686Z,Windows.Collectors.File/Uploads
1626012386,C:\Windows\System32\winevt\Logs\Microsoft-Windows-Application-Experience%4Steps-Recorder.evtx,C:\Windows\System32\winevt\Logs\Microsoft-Windows-Application-Experience%4Steps-Recorder.evtx,69632,f5f9e97a6b1ec8d46a9bd5b9d4ccae96521b85517b0337b248814d2e974a968b,2021-06-18T07:21:51.946819Z,2021-06-18T07:21:51.946819Z,2021-06-20T13:01:42.2414933Z,Windows.Collectors.File/Uploads
1626012386,C:\Windows\System32\winevt\Logs\Microsoft-Windows-BackgroundTaskInfrastructure%4Operational.evtx,C:\Windows\System32\winevt\Logs\Microsoft-Windows-BackgroundTaskInfrastructure%4Operational.evtx,69632,e81fa723d669a5b9a0f5ed55aa1b68417d2a9d238f3450d057394fb508da6ecc,2021-07-11T12:35:26.059803Z,2021-07-11T12:35:26.059803Z,2021-07-11T12:35:26.059803Z,Windows.Collectors.File/Uploads
1626012386,C:\Windows\System32\winevt\Logs\Microsoft-Windows-BitLocker%4BitLocker Management.evtx,C:\Windows\System32\winevt\Logs\Microsoft-Windows-BitLocker%4BitLocker Management.evtx,69632,dee91b23787429cfd64f5045b9c772f32dcfc128f492edc1a07ad6aa555ffb09,2021-07-08T10:41:51.7916363Z,2021-07-08T10:41:51.7916363Z,2021-07-08T10:41:51.7916363Z,Windows.Collectors.File/Uploads
1626012386,C:\Windows\System32\winevt\Logs\Microsoft-Windows-CloudStore%4Operational.evtx,C:\Windows\System32\winevt\Logs\Microsoft-Windows-CloudStore%4Operational.evtx,69632,4a0bef9ff79a3f8fd7ea7182925094b85a87d1ca2b2d66798bc30f453af4b556,2021-07-11T12:29:12.9104854Z,2021-07-11T12:29:12.9104854Z,2021-07-11T12:29:12.9104854Z,Windows.Collectors.File/Uploads
1626012386,C:\Windows\System32\winevt\Logs\Microsoft-Windows-AppxPackaging%4Operational.evtx,C:\Windows\System32\winevt\Logs\Microsoft-Windows-AppxPackaging%4Operational.evtx,1052672,2ce2fcf2f098e6e2a7cba08dffd7d147e2d1de25987fa6b624027ac8d680677c,2021-07-09T11:23:39.0333783Z,2021-07-09T11:23:39.0333783Z,2021-07-09T11:23:39.0333783Z,Windows.Collectors.File/Uploads
1626012386,C:\Windows\System32\winevt\Logs\Microsoft-Windows-DeviceSetupManager%4Operational.evtx,C:\Windows\System32\winevt\Logs\Microsoft-Windows-DeviceSetupManager%4Operational.evtx,69632,beb7b38a9cdf41e8f53b3ad10d995a61273eb06d83152b059609af76bc9ce574,2021-07-08T01:14:27.7309648Z,2021-07-08T01:14:27.7309648Z,2021-07-08T01:14:27.7309648Z,Windows.Collectors.File/Uploads
1626012386,C:\Windows\System32\winevt\Logs\Microsoft-Windows-Containers-BindFlt%4Operational.evtx,C:\Windows\System32\winevt\Logs\Microsoft-Windows-Containers-BindFlt%4Operational.evtx,69632,7e25ee21f4d169cb62542d14d4c167573a28eeb2c7939c941aa39c64a6a5b45c,2021-07-08T02:13:11.9031434Z,2021-07-08T02:13:11.9031434Z,2021-07-08T02:13:11.9031434Z,Windows.Collectors.File/Uploads
1626012386,C:\Windows\System32\winevt\Logs\Microsoft-Windows-CodeIntegrity%4Operational.evtx,C:\Windows\System32\winevt\Logs\Microsoft-Windows-CodeIntegrity%4Operational.evtx,69632,f9b4967d2f8108bb25d3ea52d4da9ef092c3a571d261239fac7abfd6b2d75cb4,2021-07-08T02:12:49.5803382Z,2021-07-08T02:12:49.5803382Z,2021-07-08T02:12:49.5803382Z,Windows.Collectors.File/Uploads
1626012386,C:\Windows\System32\winevt\Logs\Microsoft-Windows-CoreSystem-SmsRouter-Events%4Operational.evtx,C:\Windows\System32\winevt\Logs\Microsoft-Windows-CoreSystem-SmsRouter-Events%4Operational.evtx,69632,f465cbd9f447d55e699389a3c263eca6f1117618a26991890dc86489487142ae,2021-07-11T12:59:30.3866772Z,2021-07-11T12:59:30.3866772Z,2021-07-11T12:59:30.3866772Z,Windows.Collectors.File/Uploads
1626012386,C:\Windows\System32\winevt\Logs\Microsoft-Windows-Containers-Wcifs%4Operational.evtx,C:\Windows\System32\winevt\Logs\Microsoft-Windows-Containers-Wcifs%4Operational.evtx,69632,8c3ddfe6180fc017dff9dda84cfa5e2793f86ba23a01810df46bd228d6467795,2021-07-08T02:13:08.517832Z,2021-07-08T02:13:08.517832Z,2021-07-08T02:13:08.517832Z,Windows.Collectors.File/Uploads
1626012386,C:\Windows\System32\winevt\Logs\Microsoft-Windows-Crypto-DPAPI%4Operational.evtx,C:\Windows\System32\winevt\Logs\Microsoft-Windows-Crypto-DPAPI%4Operational.evtx,69632,3ee82d5e47826c5e34f5e9de5fb9fdb764020f3b4703d7db6d0d14bd84c8d0e3,2021-07-08T02:12:59.3928392Z,2021-07-08T02:12:59.3928392Z,2021-07-08T02:12:59.3928392Z,Windows.Collectors.File/Uploads
1626012386,C:\Windows\System32\winevt\Logs\Microsoft-Windows-Crypto-DPAPI%4BackUpKeySvc.evtx,C:\Windows\System32\winevt\Logs\Microsoft-Windows-Crypto-DPAPI%4BackUpKeySvc.evtx,69632,f5f9e97a6b1ec8d46a9bd5b9d4ccae96521b85517b0337b248814d2e974a968b,2021-06-17T17:29:01.7142594Z,2021-06-17T17:29:01.7142594Z,2021-07-08T02:11:59.3772096Z,Windows.Collectors.File/Uploads
1626012386,C:\Windows\System32\winevt\Logs\Microsoft-Windows-DeviceManagement-Enterprise-Diagnostics-Provider%4Operational.evtx,C:\Windows\System32\winevt\Logs\Microsoft-Windows-DeviceManagement-Enterprise-Diagnostics-Provider%4Operational.evtx,1052672,d3ba381aafc4b0156c54cec21d7e2b15cc31bcac81a6951991e81be244fd6013,2021-07-11T12:59:29.3518924Z,2021-07-11T12:59:29.3518924Z,2021-07-11T12:59:29.3518924Z,Windows.Collectors.File/Uploads
1626012386,C:\Windows\System32\winevt\Logs\HardwareEvents.evtx,C:\Windows\System32\winevt\Logs\HardwareEvents.evtx,69632,f5f9e97a6b1ec8d46a9bd5b9d4ccae96521b85517b0337b248814d2e974a968b,2021-06-17T17:29:01.7298824Z,2021-06-17T17:29:01.7298824Z,2021-07-08T02:09:37.2834722Z,Windows.Collectors.File/Uploads
1626012386,C:\Windows\System32\winevt\Logs\Key Management Service.evtx,C:\Windows\System32\winevt\Logs\Key Management Service.evtx,69632,f5f9e97a6b1ec8d46a9bd5b9d4ccae96521b85517b0337b248814d2e974a968b,2021-06-17T17:29:01.7298824Z,2021-06-17T17:29:01.7298824Z,2021-07-08T02:09:42.4085136Z,Windows.Collectors.File/Uploads
1626012386,C:\Windows\System32\winevt\Logs\Microsoft-Windows-AppReadiness%4Admin.evtx,C:\Windows\System32\winevt\Logs\Microsoft-Windows-AppReadiness%4Admin.evtx,1118208,ce660acba7e4bc7fd62675bbb0a9c14bbdf4991d02fc8b00e0813d8d1d4f61ce,2021-07-08T02:23:27.4409564Z,2021-07-08T02:23:27.4409564Z,2021-07-08T02:23:27.4409564Z,Windows.Collectors.File/Uploads
1626012386,C:\Windows\System32\winevt\Logs\Microsoft-Windows-AppXDeployment%4Operational.evtx,C:\Windows\System32\winevt\Logs\Microsoft-Windows-AppXDeployment%4Operational.evtx,1052672,cb84b8bf47577303d779fb8b57a551f61d0c98164f63f7412e085e29a4227d4e,2021-07-11T12:30:12.3594761Z,2021-07-11T12:30:12.3594761Z,2021-07-11T12:30:12.3594761Z,Windows.Collectors.File/Uploads
1626012386,C:\Windows\System32\winevt\Logs\Microsoft-Windows-AppModel-Runtime%4Admin.evtx,C:\Windows\System32\winevt\Logs\Microsoft-Windows-AppModel-Runtime%4Admin.evtx,1052672,6b70edc4d602182bef812b22ba1d6ef93b7b648dfe19b013ac8fd212f09d7421,2021-07-08T02:12:34.689704Z,2021-07-08T02:12:34.689704Z,2021-07-08T02:12:34.689704Z,Windows.Collectors.File/Uploads
1626012386,C:\Windows\System32\winevt\Logs\Microsoft-Windows-Bits-Client%4Operational.evtx,C:\Windows\System32\winevt\Logs\Microsoft-Windows-Bits-Client%4Operational.evtx,1052672,87a0724add3664eecdd7c426ef4e07563daccac03687f8001b1872e38d31bd4d,2021-07-08T08:47:11.7114269Z,2021-07-08T08:47:11.7114269Z,2021-07-08T08:47:11.7114269Z,Windows.Collectors.File/Uploads
1626012386,C:\Windows\System32\winevt\Logs\Microsoft-Windows-Authentication User Interface%4Operational.evtx,C:\Windows\System32\winevt\Logs\Microsoft-Windows-Authentication User Interface%4Operational.evtx,69632,2427dcf0ab07dddddc22b2a7968ea4c6ae640de7f33a9f4cd7c9c98cba21b029,2021-06-18T07:21:51.946819Z,2021-06-18T07:21:51.946819Z,2021-06-18T07:21:51.946819Z,Windows.Collectors.File/Uploads
1626012386,C:\Windows\System32\winevt\Logs\Microsoft-Windows-Biometrics%4Operational.evtx,C:\Windows\System32\winevt\Logs\Microsoft-Windows-Biometrics%4Operational.evtx,69632,c30f3a8bb227ccca208bb2a630d818a10c20ba37e169eda481eabf38afe3b2d4,2021-06-19T19:41:08.3864246Z,2021-06-19T19:41:08.3864246Z,2021-06-19T19:41:08.3864246Z,Windows.Collectors.File/Uploads
1626012386,C:\Windows\System32\winevt\Logs\Microsoft-Windows-DeviceManagement-Enterprise-Diagnostics-Provider%4Admin.evtx,C:\Windows\System32\winevt\Logs\Microsoft-Windows-DeviceManagement-Enterprise-Diagnostics-Provider%4Admin.evtx,69632,a784f9cfc07515fdb04aa3150821a266241ad4d24f7a4025e97ac9fa5f84d492,2021-06-18T20:47:35.7726514Z,2021-06-18T20:47:35.7726514Z,2021-06-18T20:47:35.7726514Z,Windows.Collectors.File/Uploads
1626012386,C:\Windows\System32\winevt\Logs\Application.evtx,C:\Windows\System32\winevt\Logs\Application.evtx,2166784,8ffa0a8d44062b5511bd989809266b197b0b8de2a6f19e6193acef49a90b2358,2021-07-11T11:45:50.9718141Z,2021-07-11T11:45:50.9718141Z,2021-07-11T11:45:50.9718141Z,Windows.Collectors.File/Uploads
1626012386,C:\Windows\System32\winevt\Logs\Microsoft-Windows-Dhcp-Client%4Admin.evtx,C:\Windows\System32\winevt\Logs\Microsoft-Windows-Dhcp-Client%4Admin.evtx,69632,def9dd8b9aac08348713e2daf39f893d697bd6f6e0aa6a5f05a65123a6523f43,2021-06-18T20:47:35.7726514Z,2021-06-18T20:47:35.7726514Z,2021-07-08T02:12:11.0334591Z,Windows.Collectors.File/Uploads
1626012386,C:\Windows\System32\winevt\Logs\Microsoft-Windows-Dhcpv6-Client%4Admin.evtx,C:\Windows\System32\winevt\Logs\Microsoft-Windows-Dhcpv6-Client%4Admin.evtx,69632,017f6f56cd89e9047b9845ba4ecbca23fbdb7b053fc670e03e88d2b76a258e38,2021-06-17T17:29:01.7142594Z,2021-06-17T17:29:01.7142594Z,2021-07-08T02:12:13.1272306Z,Windows.Collectors.File/Uploads
1626012386,C:\Windows\System32\winevt\Logs\Microsoft-Windows-Diagnosis-Scheduled%4Operational.evtx,C:\Windows\System32\winevt\Logs\Microsoft-Windows-Diagnosis-Scheduled%4Operational.evtx,69632,a904dfe771defe8ab2d98abd2aed0f2bb951c6f8be617a1f8d7a8514ebdddba6,2021-06-18T07:21:51.8999415Z,2021-06-18T07:21:51.8999415Z,2021-07-11T12:35:39.0475405Z,Windows.Collectors.File/Uploads
1626012386,C:\Windows\System32\winevt\Logs\Microsoft-Windows-Diagnosis-Scripted%4Operational.evtx,C:\Windows\System32\winevt\Logs\Microsoft-Windows-Diagnosis-Scripted%4Operational.evtx,69632,ad7d147ed9a0afeadc1cf16cd3d12f3ecbc2c7eb6f55549adccf585084ad5af4,2021-07-11T12:58:58.250923Z,2021-07-11T12:58:58.250923Z,2021-07-11T12:58:58.250923Z,Windows.Collectors.File/Uploads
1626012386,C:\Windows\System32\winevt\Logs\Microsoft-Windows-Diagnosis-Scripted%4Admin.evtx,C:\Windows\System32\winevt\Logs\Microsoft-Windows-Diagnosis-Scripted%4Admin.evtx,69632,757dc2fc4050a012acca3ae3495e4f922427b78646fefb2ee255228161c7b56a,2021-07-11T12:59:03.3941773Z,2021-07-11T12:59:03.3941773Z,2021-07-11T12:59:03.3941773Z,Windows.Collectors.File/Uploads
1626012386,C:\Windows\System32\winevt\Logs\Microsoft-Windows-FileHistory-Core%4WHC.evtx,C:\Windows\System32\winevt\Logs\Microsoft-Windows-FileHistory-Core%4WHC.evtx,69632,35c5f89eb3abb94a354b06c8f1b0842128196a9865f616517182073ac1c40d78,2021-06-18T07:21:51.8999415Z,2021-06-18T07:21:51.8999415Z,2021-07-11T12:35:40.539247Z,Windows.Collectors.File/Uploads
1626012386,C:\Windows\System32\winevt\Logs\Microsoft-Windows-HelloForBusiness%4Operational.evtx,C:\Windows\System32\winevt\Logs\Microsoft-Windows-HelloForBusiness%4Operational.evtx,69632,2693847cf78250d612eedefff0a59bbf14e8ba844a5e9a5de709e1f05cd673b2,2021-07-08T02:34:48.4748445Z,2021-07-08T02:34:48.4748445Z,2021-07-08T02:34:48.4748445Z,Windows.Collectors.File/Uploads
1626012386,C:\Windows\System32\winevt\Logs\Microsoft-Windows-HotspotAuth%4Operational.evtx,C:\Windows\System32\winevt\Logs\Microsoft-Windows-HotspotAuth%4Operational.evtx,69632,f5f9e97a6b1ec8d46a9bd5b9d4ccae96521b85517b0337b248814d2e974a968b,2021-06-17T17:29:01.7142594Z,2021-06-17T17:29:01.7142594Z,2021-07-08T02:09:56.3772138Z,Windows.Collectors.File/Uploads
1626012386,C:\Windows\System32\winevt\Logs\Microsoft-Windows-Kernel-Boot%4Operational.evtx,C:\Windows\System32\winevt\Logs\Microsoft-Windows-Kernel-Boot%4Operational.evtx,69632,408d8038a0af04eca0cf28bd76142200b2b18decb13dad28f3562e878ea7544a,2021-07-08T02:11:09.8928293Z,2021-07-08T02:11:09.8928293Z,2021-07-08T02:11:09.8928293Z,Windows.Collectors.File/Uploads
1626012386,C:\Windows\System32\winevt\Logs\Microsoft-Windows-IKE%4Operational.evtx,C:\Windows\System32\winevt\Logs\Microsoft-Windows-IKE%4Operational.evtx,69632,f5f9e97a6b1ec8d46a9bd5b9d4ccae96521b85517b0337b248814d2e974a968b,2021-07-08T01:14:27.7309648Z,2021-07-08T01:14:27.7309648Z,2021-07-08T01:14:27.7309648Z,Windows.Collectors.File/Uploads
1626012386,C:\Windows\System32\winevt\Logs\Microsoft-Windows-Kernel-EventTracing%4Admin.evtx,C:\Windows\System32\winevt\Logs\Microsoft-Windows-Kernel-EventTracing%4Admin.evtx,69632,96d5c2f1c4f56f0d435c4d420e16a3681b183bf2ad0451091640a788d95c1872,2021-07-09T14:10:46.1812998Z,2021-07-09T14:10:46.1812998Z,2021-07-09T14:10:46.1812998Z,Windows.Collectors.File/Uploads
1626012386,C:\Windows\System32\winevt\Logs\Microsoft-Windows-Kernel-PnP%4Driver Watchdog.evtx,C:\Windows\System32\winevt\Logs\Microsoft-Windows-Kernel-PnP%4Driver Watchdog.evtx,69632,53e3b4488562e2b78ab81be5781ecf67308898e52e7da240cda58bb01061033a,2021-07-08T02:13:04.9397146Z,2021-07-08T02:13:04.9397146Z,2021-07-08T02:13:04.9397146Z,Windows.Collectors.File/Uploads
1626012386,C:\Windows\System32\winevt\Logs\Microsoft-Windows-Kernel-Power%4Thermal-Operational.evtx,C:\Windows\System32\winevt\Logs\Microsoft-Windows-Kernel-Power%4Thermal-Operational.evtx,69632,f5f9e97a6b1ec8d46a9bd5b9d4ccae96521b85517b0337b248814d2e974a968b,2021-06-17T17:29:01.7142594Z,2021-06-17T17:29:01.7142594Z,2021-07-08T02:09:52.4241018Z,Windows.Collectors.File/Uploads
1626012386,C:\Windows\System32\winevt\Logs\Microsoft-Windows-Kernel-StoreMgr%4Operational.evtx,C:\Windows\System32\winevt\Logs\Microsoft-Windows-Kernel-StoreMgr%4Operational.evtx,69632,f5f9e97a6b1ec8d46a9bd5b9d4ccae96521b85517b0337b248814d2e974a968b,2021-06-17T17:29:01.7142594Z,2021-06-17T17:29:01.7142594Z,2021-07-08T02:14:07.9553463Z,Windows.Collectors.File/Uploads
1626012386,C:\Windows\System32\winevt\Logs\Microsoft-Windows-Kernel-ShimEngine%4Operational.evtx,C:\Windows\System32\winevt\Logs\Microsoft-Windows-Kernel-ShimEngine%4Operational.evtx,69632,2e1c39527240dffe9221f56249bc4760db2280f1c6d8af4806116e6a18494bbe,2021-07-08T02:11:47.6428365Z,2021-07-08T02:11:47.6428365Z,2021-07-08T02:11:47.6428365Z,Windows.Collectors.File/Uploads
1626012386,C:\Windows\System32\winevt\Logs\Microsoft-Windows-Kernel-WHEA%4Errors.evtx,C:\Windows\System32\winevt\Logs\Microsoft-Windows-Kernel-WHEA%4Errors.evtx,69632,f5f9e97a6b1ec8d46a9bd5b9d4ccae96521b85517b0337b248814d2e974a968b,2021-06-17T17:29:01.7142594Z,2021-06-17T17:29:01.7142594Z,2021-07-08T02:10:38.7990702Z,Windows.Collectors.File/Uploads
1626012386,C:\Windows\System32\winevt\Logs\Microsoft-Windows-LanguagePackSetup%4Operational.evtx,C:\Windows\System32\winevt\Logs\Microsoft-Windows-LanguagePackSetup%4Operational.evtx,69632,3cf9c53971320b3c9c1829ca06d27e7ddfa6ad8a64f269fdf8d925bbb77694c0,2021-07-10T16:23:32.8313065Z,2021-07-10T16:23:32.8313065Z,2021-07-10T16:23:32.8313065Z,Windows.Collectors.File/Uploads
1626012387,C:\Windows\System32\winevt\Logs\Microsoft-Windows-NCSI%4Operational.evtx,C:\Windows\System32\winevt\Logs\Microsoft-Windows-NCSI%4Operational.evtx,69632,256bf08314aee99b849273cbfab3859f12f62b192ce817cac62d96636d6764fc,2021-07-08T07:45:31.8220861Z,2021-07-08T07:45:31.8220861Z,2021-07-08T07:45:31.8220861Z,Windows.Collectors.File/Uploads
1626012387,C:\Windows\System32\winevt\Logs\Microsoft-Windows-NetworkProfile%4Operational.evtx,C:\Windows\System32\winevt\Logs\Microsoft-Windows-NetworkProfile%4Operational.evtx,69632,bdaebb4c038dd024abdaad850317cff5c7e7b146cf16d341b272669c159bb66a,2021-07-08T07:45:31.8220861Z,2021-07-08T07:45:31.8220861Z,2021-07-08T07:45:31.8220861Z,Windows.Collectors.File/Uploads
1626012387,C:\Windows\System32\winevt\Logs\Microsoft-Windows-NlaSvc%4Operational.evtx,C:\Windows\System32\winevt\Logs\Microsoft-Windows-NlaSvc%4Operational.evtx,69632,3e9ae96980dd475a5f4d79640def5720b64aba6fe80f2059c473dd5d80c95c21,2021-07-08T02:12:39.8459596Z,2021-07-08T02:12:39.8459596Z,2021-07-08T02:12:39.8459596Z,Windows.Collectors.File/Uploads
1626012387,C:\Windows\System32\winevt\Logs\Microsoft-Windows-Ntfs%4WHC.evtx,C:\Windows\System32\winevt\Logs\Microsoft-Windows-Ntfs%4WHC.evtx,69632,a94f2d7ec8c5ac45bc18dee8bc7b5ef128b1495dfdb33ae6ef430f2c49114b7d,2021-07-08T02:20:10.0942747Z,2021-07-08T02:20:10.0942747Z,2021-07-11T12:35:40.9004725Z,Windows.Collectors.File/Uploads
1626012387,C:\Windows\System32\winevt\Logs\Microsoft-Windows-AppXDeploymentServer%4Operational.evtx,C:\Windows\System32\winevt\Logs\Microsoft-Windows-AppXDeploymentServer%4Operational.evtx,5246976,c58c94d9b21bf674dd6425bcdf0f48233500609d9716056c8f740c4b9509fc27,2021-07-08T02:20:06.4626335Z,2021-07-08T02:20:06.4626335Z,2021-07-08T02:20:06.4626335Z,Windows.Collectors.File/Uploads
1626012387,C:\Windows\System32\winevt\Logs\Microsoft-Windows-Partition%4Diagnostic.evtx,C:\Windows\System32\winevt\Logs\Microsoft-Windows-Partition%4Diagnostic.evtx,69632,42c891b09c31e63d33e789fc05f64345ced8efbbcc376d84fe56f66230dac401,2021-07-08T02:12:32.674089Z,2021-07-08T02:12:32.674089Z,2021-07-08T02:12:32.674089Z,Windows.Collectors.File/Uploads
1626012387,C:\Windows\System32\winevt\Logs\Microsoft-Windows-Program-Compatibility-Assistant%4CompatAfterUpgrade.evtx,C:\Windows\System32\winevt\Logs\Microsoft-Windows-Program-Compatibility-Assistant%4CompatAfterUpgrade.evtx,69632,f5f9e97a6b1ec8d46a9bd5b9d4ccae96521b85517b0337b248814d2e974a968b,2021-06-17T17:29:01.7142594Z,2021-06-17T17:29:01.7142594Z,2021-07-08T02:22:25.8394982Z,Windows.Collectors.File/Uploads
1626012387,C:\Windows\System32\winevt\Logs\Microsoft-Windows-Provisioning-Diagnostics-Provider%4AutoPilot.evtx,C:\Windows\System32\winevt\Logs\Microsoft-Windows-Provisioning-Diagnostics-Provider%4AutoPilot.evtx,69632,f5f9e97a6b1ec8d46a9bd5b9d4ccae96521b85517b0337b248814d2e974a968b,2021-06-17T17:29:01.7142594Z,2021-06-17T17:29:01.7142594Z,2021-06-20T13:07:50.5427623Z,Windows.Collectors.File/Uploads
1626012387,C:\Windows\System32\winevt\Logs\Microsoft-Windows-Provisioning-Diagnostics-Provider%4Admin.evtx,C:\Windows\System32\winevt\Logs\Microsoft-Windows-Provisioning-Diagnostics-Provider%4Admin.evtx,1052672,34edac683ec30139e46883c6fef68d8875244b0fd9bdcad86693c01cac8769e2,2021-07-11T12:58:57.0460965Z,2021-07-11T12:58:57.0460965Z,2021-07-11T12:58:57.0460965Z,Windows.Collectors.File/Uploads
1626012387,C:\Windows\System32\winevt\Logs\Microsoft-Windows-Provisioning-Diagnostics-Provider%4ManagementService.evtx,C:\Windows\System32\winevt\Logs\Microsoft-Windows-Provisioning-Diagnostics-Provider%4ManagementService.evtx,69632,f5f9e97a6b1ec8d46a9bd5b9d4ccae96521b85517b0337b248814d2e974a968b,2021-06-17T17:29:01.7142594Z,2021-06-17T17:29:01.7142594Z,2021-06-20T13:07:50.5427623Z,Windows.Collectors.File/Uploads
1626012387,C:\Windows\System32\winevt\Logs\Microsoft-Windows-Diagnosis-DPS%4Operational.evtx,C:\Windows\System32\winevt\Logs\Microsoft-Windows-Diagnosis-DPS%4Operational.evtx,1052672,aeba3c3d9cb78ef657cbe7ed00fc2ddb3cdfa703bc2eac07fe4910d585abb3d1,2021-07-08T02:13:29.2522442Z,2021-07-08T02:13:29.2522442Z,2021-07-08T02:13:29.2522442Z,Windows.Collectors.File/Uploads
1626012387,C:\Windows\System32\winevt\Logs\Microsoft-Windows-PushNotification-Platform%4Admin.evtx,C:\Windows\System32\winevt\Logs\Microsoft-Windows-PushNotification-Platform%4Admin.evtx,69632,f5f9e97a6b1ec8d46a9bd5b9d4ccae96521b85517b0337b248814d2e974a968b,2021-06-18T07:21:51.8530672Z,2021-06-18T07:21:51.8530672Z,2021-07-08T02:10:46.9709613Z,Windows.Collectors.File/Uploads
1626012387,C:\Windows\System32\winevt\Logs\Microsoft-Windows-DiskDiagnosticDataCollector%4Operational.evtx,C:\Windows\System32\winevt\Logs\Microsoft-Windows-DiskDiagnosticDataCollector%4Operational.evtx,69632,98e72344df6754729721264237631274baaa83795f90c178b998d1ad419af786,2021-07-08T01:14:27.7309648Z,2021-07-08T01:14:27.7309648Z,2021-07-08T01:14:27.7309648Z,Windows.Collectors.File/Uploads
1626012387,C:\Windows\System32\winevt\Logs\Microsoft-Windows-ReadyBoost%4Operational.evtx,C:\Windows\System32\winevt\Logs\Microsoft-Windows-ReadyBoost%4Operational.evtx,69632,502dfd0c7769fcf7c82ddc3113dee237ea34033f4ebd62760f9799902fdbdd2e,2021-07-09T21:19:39.1905655Z,2021-07-09T21:19:39.1905655Z,2021-07-09T21:19:39.1905655Z,Windows.Collectors.File/Uploads
1626012387,C:\Windows\System32\winevt\Logs\Microsoft-Windows-Forwarding%4Operational.evtx,C:\Windows\System32\winevt\Logs\Microsoft-Windows-Forwarding%4Operational.evtx,69632,9a7346525bbb02cf4e1272b2676586c49a613bfa844c18f1ba62ed2f91b1a4df,2021-07-08T01:14:27.7309648Z,2021-07-08T01:14:27.7309648Z,2021-07-08T01:14:27.7309648Z,Windows.Collectors.File/Uploads
1626012387,C:\Windows\System32\winevt\Logs\Microsoft-Windows-KeyboardFilter%4Admin.evtx,C:\Windows\System32\winevt\Logs\Microsoft-Windows-KeyboardFilter%4Admin.evtx,69632,f5f9e97a6b1ec8d46a9bd5b9d4ccae96521b85517b0337b248814d2e974a968b,2021-06-18T20:47:35.7726514Z,2021-06-18T20:47:35.7726514Z,2021-06-18T20:47:35.7726514Z,Windows.Collectors.File/Uploads
1626012387,C:\Windows\System32\winevt\Logs\Microsoft-Windows-MUI%4Admin.evtx,C:\Windows\System32\winevt\Logs\Microsoft-Windows-MUI%4Admin.evtx,69632,f5f9e97a6b1ec8d46a9bd5b9d4ccae96521b85517b0337b248814d2e974a968b,2021-06-18T07:21:51.8999415Z,2021-06-18T07:21:51.8999415Z,2021-06-18T07:21:51.8999415Z,Windows.Collectors.File/Uploads
1626012387,C:\Windows\System32\winevt\Logs\Microsoft-Windows-Resource-Exhaustion-Detector%4Operational.evtx,C:\Windows\System32\winevt\Logs\Microsoft-Windows-Resource-Exhaustion-Detector%4Operational.evtx,69632,80b66aa8a51bb8d6e845eb206a79e4d96efbc9e2acc333eb3769fa2361b3cd2c,2021-07-08T02:22:07.0957764Z,2021-07-08T02:22:07.0957764Z,2021-07-08T02:22:07.0957764Z,Windows.Collectors.File/Uploads
1626012387,C:\Windows\System32\winevt\Logs\Microsoft-Windows-Diagnostics-Performance%4Operational.evtx,C:\Windows\System32\winevt\Logs\Microsoft-Windows-Diagnostics-Performance%4Operational.evtx,69632,1b6b16ccbb5f01c62f362bd2dcc7da510efc43be288888905e9b118cb4371a6b,2021-06-18T20:47:35.7726514Z,2021-06-18T20:47:35.7726514Z,2021-06-18T20:47:35.7726514Z,Windows.Collectors.File/Uploads
1626012387,C:\Windows\System32\winevt\Logs\Microsoft-Windows-SMBClient%4Operational.evtx,C:\Windows\System32\winevt\Logs\Microsoft-Windows-SMBClient%4Operational.evtx,69632,f5f9e97a6b1ec8d46a9bd5b9d4ccae96521b85517b0337b248814d2e974a968b,2021-06-17T17:29:01.7142594Z,2021-06-17T17:29:01.7142594Z,2021-07-08T02:12:27.5178558Z,Windows.Collectors.File/Uploads
1626012387,C:\Windows\System32\winevt\Logs\Microsoft-Windows-SMBServer%4Connectivity.evtx,C:\Windows\System32\winevt\Logs\Microsoft-Windows-SMBServer%4Connectivity.evtx,69632,f5f9e97a6b1ec8d46a9bd5b9d4ccae96521b85517b0337b248814d2e974a968b,2021-06-17T17:29:01.7142594Z,2021-06-17T17:29:01.7142594Z,2021-07-08T02:13:51.9241025Z,Windows.Collectors.File/Uploads
1626012387,C:\Windows\System32\winevt\Logs\Microsoft-Windows-SMBServer%4Audit.evtx,C:\Windows\System32\winevt\Logs\Microsoft-Windows-SMBServer%4Audit.evtx,69632,f5f9e97a6b1ec8d46a9bd5b9d4ccae96521b85517b0337b248814d2e974a968b,2021-06-17T17:29:01.7142594Z,2021-06-17T17:29:01.7142594Z,2021-07-08T02:13:52.2678561Z,Windows.Collectors.File/Uploads
1626012387,C:\Windows\System32\winevt\Logs\Microsoft-Windows-SMBServer%4Security.evtx,C:\Windows\System32\winevt\Logs\Microsoft-Windows-SMBServer%4Security.evtx,69632,f507a8f64fa7dd109f645a5a36cf0608d53678b151abf83d7f40d1517f8ccfe1,2021-06-17T17:29:01.7142594Z,2021-06-17T17:29:01.7142594Z,2021-07-08T02:13:51.40847Z,Windows.Collectors.File/Uploads
1626012387,C:\Windows\System32\winevt\Logs\Microsoft-Windows-SMBServer%4Operational.evtx,C:\Windows\System32\winevt\Logs\Microsoft-Windows-SMBServer%4Operational.evtx,69632,64f8c2081c7bcdd7e802594cd07bb7e9ee75ca5becd987443ac4d1d6b47a691e,2021-07-08T02:14:52.2834775Z,2021-07-08T02:14:52.2834775Z,2021-07-08T02:14:52.2834775Z,Windows.Collectors.File/Uploads
1626012387,C:\Windows\System32\winevt\Logs\Microsoft-Windows-SettingSync%4Operational.evtx,C:\Windows\System32\winevt\Logs\Microsoft-Windows-SettingSync%4Operational.evtx,69632,95808fb8f3185714ec409cb98dd51bdac88d0bbbfc19c3a6fcf2a41e42545aef,2021-06-19T19:41:08.3864246Z,2021-06-19T19:41:08.3864246Z,2021-06-20T13:01:20.1675136Z,Windows.Collectors.File/Uploads
1626012387,C:\Windows\System32\winevt\Logs\Microsoft-Windows-SettingSync%4Debug.evtx,C:\Windows\System32\winevt\Logs\Microsoft-Windows-SettingSync%4Debug.evtx,1052672,37212dc0290ab5c5c2c51865009eea14988941eb41dc89a4e7be40fc0358b7da,2021-07-11T12:29:14.3965035Z,2021-07-11T12:29:14.3965035Z,2021-07-11T12:29:14.3965035Z,Windows.Collectors.File/Uploads
1626012387,C:\Windows\System32\winevt\Logs\Microsoft-Windows-Shell-ConnectedAccountState%4ActionCenter.evtx,C:\Windows\System32\winevt\Logs\Microsoft-Windows-Shell-ConnectedAccountState%4ActionCenter.evtx,69632,282d7ed820e52130bde56f9a0dc9444669d03312a2a893b05c6e613a20d18dad,2021-06-18T07:21:51.8530672Z,2021-06-18T07:21:51.8530672Z,2021-07-11T12:35:41.3703594Z,Windows.Collectors.File/Uploads
1626012387,C:\Windows\System32\winevt\Logs\Microsoft-Windows-Shell-Core%4ActionCenter.evtx,C:\Windows\System32\winevt\Logs\Microsoft-Windows-Shell-Core%4ActionCenter.evtx,69632,f5f9e97a6b1ec8d46a9bd5b9d4ccae96521b85517b0337b248814d2e974a968b,2021-06-18T07:21:51.8530672Z,2021-06-18T07:21:51.8530672Z,2021-06-20T13:01:23.4052627Z,Windows.Collectors.File/Uploads
1626012387,C:\Windows\System32\winevt\Logs\Microsoft-Windows-Shell-Core%4LogonTasksChannel.evtx,C:\Windows\System32\winevt\Logs\Microsoft-Windows-Shell-Core%4LogonTasksChannel.evtx,69632,f5f9e97a6b1ec8d46a9bd5b9d4ccae96521b85517b0337b248814d2e974a968b,2021-06-18T07:21:51.8530672Z,2021-06-18T07:21:51.8530672Z,2021-06-20T13:01:23.4052627Z,Windows.Collectors.File/Uploads
1626012392,C:\Windows\System32\winevt\Logs\Microsoft-Windows-ShellCommon-StartLayoutPopulation%4Operational.evtx,C:\Windows\System32\winevt\Logs\Microsoft-Windows-ShellCommon-StartLayoutPopulation%4Operational.evtx,1052672,20f928984203b174c5b21856502afad5601b33388f3d66bea46994b615f8db1a,2021-07-11T12:34:18.1787667Z,2021-07-11T12:34:18.1787667Z,2021-07-11T12:34:18.1787667Z,Windows.Collectors.File/Uploads
1626012392,C:\Windows\System32\winevt\Logs\Microsoft-Windows-SmbClient%4Connectivity.evtx,C:\Windows\System32\winevt\Logs\Microsoft-Windows-SmbClient%4Connectivity.evtx,69632,68ccf5eda441b6f940886888b87f53a248d03dc52fe2d3857ddf265e7583f0aa,2021-07-08T02:13:28.7522321Z,2021-07-08T02:13:28.7522321Z,2021-07-08T02:13:28.7522321Z,Windows.Collectors.File/Uploads
1626012392,C:\Windows\System32\winevt\Logs\Microsoft-Windows-SmbClient%4Security.evtx,C:\Windows\System32\winevt\Logs\Microsoft-Windows-SmbClient%4Security.evtx,69632,f5f9e97a6b1ec8d46a9bd5b9d4ccae96521b85517b0337b248814d2e974a968b,2021-06-17T17:29:01.7142594Z,2021-06-17T17:29:01.7142594Z,2021-07-08T02:12:28.4709813Z,Windows.Collectors.File/Uploads
1626012392,C:\Windows\System32\winevt\Logs\Microsoft-Windows-StateRepository%4Restricted.evtx,C:\Windows\System32\winevt\Logs\Microsoft-Windows-StateRepository%4Restricted.evtx,69632,f5f9e97a6b1ec8d46a9bd5b9d4ccae96521b85517b0337b248814d2e974a968b,2021-06-17T17:29:01.7142594Z,2021-06-17T17:29:01.7142594Z,2021-07-08T02:16:31.681509Z,Windows.Collectors.File/Uploads
1626012392,C:\Windows\System32\winevt\Logs\Microsoft-Windows-Security-Mitigations%4UserMode.evtx,C:\Windows\System32\winevt\Logs\Microsoft-Windows-Security-Mitigations%4UserMode.evtx,69632,f5f9e97a6b1ec8d46a9bd5b9d4ccae96521b85517b0337b248814d2e974a968b,2021-06-17T17:29:01.7142594Z,2021-06-17T17:29:01.7142594Z,2021-06-18T07:24:49.1081058Z,Windows.Collectors.File/Uploads
1626012392,C:\Windows\System32\winevt\Logs\Microsoft-Windows-StorageSpaces-Driver%4Diagnostic.evtx,C:\Windows\System32\winevt\Logs\Microsoft-Windows-StorageSpaces-Driver%4Diagnostic.evtx,69632,f5f9e97a6b1ec8d46a9bd5b9d4ccae96521b85517b0337b248814d2e974a968b,2021-06-17T17:29:01.7142594Z,2021-06-17T17:29:01.7142594Z,2021-07-08T02:11:26.0178197Z,Windows.Collectors.File/Uploads
1626012392,C:\Windows\System32\winevt\Logs\Microsoft-Windows-MUI%4Operational.evtx,C:\Windows\System32\winevt\Logs\Microsoft-Windows-MUI%4Operational.evtx,69632,9b09c420975b7c3f1c09512eeabdb8b5a0c562173a9d05775e70dae2d8e8e537,2021-06-18T07:21:51.8530672Z,2021-06-18T07:21:51.8530672Z,2021-06-18T07:21:51.8530672Z,Windows.Collectors.File/Uploads
1626012392,C:\Windows\System32\winevt\Logs\Microsoft-Windows-Kernel-WHEA%4Operational.evtx,C:\Windows\System32\winevt\Logs\Microsoft-Windows-Kernel-WHEA%4Operational.evtx,1118208,960870697e4ea715d53026802575869a93c6f2eebf2487e962209b284389548d,2021-07-08T02:11:49.5803279Z,2021-07-08T02:11:49.5803279Z,2021-07-08T02:11:49.5803279Z,Windows.Collectors.File/Uploads
1626012392,C:\Windows\System32\winevt\Logs\Microsoft-Windows-Known Folders API Service.evtx,C:\Windows\System32\winevt\Logs\Microsoft-Windows-Known Folders API Service.evtx,1052672,467736cb31401ae1433ad5ea913ad1e04e2540dbdcaca8e0a4b5eefd9d9931a5,2021-07-09T20:52:38.4886301Z,2021-07-09T20:52:38.4886301Z,2021-07-09T20:52:38.4886301Z,Windows.Collectors.File/Uploads
1626012392,C:\Windows\System32\winevt\Logs\Microsoft-Windows-Ntfs%4Operational.evtx,C:\Windows\System32\winevt\Logs\Microsoft-Windows-Ntfs%4Operational.evtx,2166784,d0f27028e915e6ea11248ac34b7270c3874925387e6407ca31a4339d35d255c7,2021-07-11T11:20:20.9417931Z,2021-07-11T11:20:20.9417931Z,2021-07-11T11:20:20.9417931Z,Windows.Collectors.File/Uploads
1626012392,C:\Windows\System32\winevt\Logs\Microsoft-Windows-Security-Mitigations%4KernelMode.evtx,C:\Windows\System32\winevt\Logs\Microsoft-Windows-Security-Mitigations%4KernelMode.evtx,69632,30ffbdc5b59ae3259dc18ccdc438896aadad6f33ab88b9b40ee1187d05e19bb2,2021-06-18T20:47:35.7726514Z,2021-06-18T20:47:35.7726514Z,2021-06-18T20:47:35.7726514Z,Windows.Collectors.File/Uploads
1626012392,C:\Windows\System32\winevt\Logs\Microsoft-Windows-SmbClient%4Audit.evtx,C:\Windows\System32\winevt\Logs\Microsoft-Windows-SmbClient%4Audit.evtx,69632,f5f9e97a6b1ec8d46a9bd5b9d4ccae96521b85517b0337b248814d2e974a968b,2021-06-17T17:29:01.7142594Z,2021-06-17T17:29:01.7142594Z,2021-07-08T02:12:28.7366155Z,Windows.Collectors.File/Uploads
1626012392,C:\Windows\System32\winevt\Logs\Microsoft-Windows-StorageSpaces-Driver%4Operational.evtx,C:\Windows\System32\winevt\Logs\Microsoft-Windows-StorageSpaces-Driver%4Operational.evtx,69632,650e24f550e49ea92f36430cf53ea0feec71a0f1883437b7f393c71045519749,2021-07-08T02:12:26.0178584Z,2021-07-08T02:12:26.0178584Z,2021-07-08T02:12:26.0178584Z,Windows.Collectors.File/Uploads
1626012392,C:\Windows\System32\winevt\Logs\Microsoft-Windows-LiveId%4Operational.evtx,C:\Windows\System32\winevt\Logs\Microsoft-Windows-LiveId%4Operational.evtx,1052672,e86f0a126b2cb498b7083f50ae540d3e7900b6145c71c6ccd2a20a97b14da5bd,2021-07-09T20:19:37.0396062Z,2021-07-09T20:19:37.0396062Z,2021-07-09T20:19:37.0396062Z,Windows.Collectors.File/Uploads
1626012392,C:\Windows\System32\winevt\Logs\Microsoft-Windows-Security-Audit-Configuration-Client%4Operational.evtx,C:\Windows\System32\winevt\Logs\Microsoft-Windows-Security-Audit-Configuration-Client%4Operational.evtx,1052672,cb9dad3bf314db15c132e7a4aed688a33b675063fbecfa5976d2edbe4152e3d2,2021-07-09T20:52:38.4886301Z,2021-07-09T20:52:38.4886301Z,2021-07-09T20:52:38.4886301Z,Windows.Collectors.File/Uploads
1626012392,C:\Windows\System32\winevt\Logs\Microsoft-Windows-ModernDeployment-Diagnostics-Provider%4Admin.evtx,C:\Windows\System32\winevt\Logs\Microsoft-Windows-ModernDeployment-Diagnostics-Provider%4Admin.evtx,69632,f5f9e97a6b1ec8d46a9bd5b9d4ccae96521b85517b0337b248814d2e974a968b,2021-06-18T07:21:51.8999415Z,2021-06-18T07:21:51.8999415Z,2021-06-18T07:21:51.8999415Z,Windows.Collectors.File/Uploads
1626012392,C:\Windows\System32\winevt\Logs\Microsoft-Windows-ModernDeployment-Diagnostics-Provider%4Autopilot.evtx,C:\Windows\System32\winevt\Logs\Microsoft-Windows-ModernDeployment-Diagnostics-Provider%4Autopilot.evtx,69632,d772d89f3f5ee8b961adec586074eeefe8b50dfd1c0b47b778969c0d9409571e,2021-06-18T07:21:51.8999415Z,2021-06-18T07:21:51.8999415Z,2021-06-18T07:21:51.8999415Z,Windows.Collectors.File/Uploads
1626012392,C:\Windows\System32\winevt\Logs\Microsoft-Windows-ModernDeployment-Diagnostics-Provider%4ManagementService.evtx,C:\Windows\System32\winevt\Logs\Microsoft-Windows-ModernDeployment-Diagnostics-Provider%4ManagementService.evtx,69632,1150ab21d1721d5bd59023c08ec1ae4596dca980544b3d1757b2c093e251bda1,2021-06-18T07:21:51.8999415Z,2021-06-18T07:21:51.8999415Z,2021-06-18T07:21:51.8999415Z,Windows.Collectors.File/Uploads
1626012392,C:\Windows\System32\winevt\Logs\Microsoft-Windows-Kernel-PnP%4Configuration.evtx,C:\Windows\System32\winevt\Logs\Microsoft-Windows-Kernel-PnP%4Configuration.evtx,1052672,7f76c244835fc396bdebea1a3f1bc3f4241da1fa6bc7244e14609c329be8beef,2021-06-19T19:41:08.3864246Z,2021-06-19T19:41:08.3864246Z,2021-07-08T02:12:03.8147102Z,Windows.Collectors.File/Uploads
1626012392,C:\Windows\System32\winevt\Logs\Microsoft-Windows-Privacy-Auditing%4Operational.evtx,C:\Windows\System32\winevt\Logs\Microsoft-Windows-Privacy-Auditing%4Operational.evtx,1118208,a218a0f2e62d1c61d3868ade5288ed3a417433d41e5ccb0b04d84a505fa4dd35,2021-06-19T19:41:08.3864246Z,2021-06-19T19:41:08.3864246Z,2021-07-08T02:20:31.5645531Z,Windows.Collectors.File/Uploads
1626012392,C:\Windows\System32\winevt\Logs\Microsoft-Windows-PowerShell%4Admin.evtx,C:\Windows\System32\winevt\Logs\Microsoft-Windows-PowerShell%4Admin.evtx,69632,f5f9e97a6b1ec8d46a9bd5b9d4ccae96521b85517b0337b248814d2e974a968b,2021-06-18T07:21:51.8530672Z,2021-06-18T07:21:51.8530672Z,2021-06-20T10:40:33.612755Z,Windows.Collectors.File/Uploads
1626012392,C:\Windows\System32\winevt\Logs\Microsoft-Windows-Resource-Exhaustion-Resolver%4Operational.evtx,C:\Windows\System32\winevt\Logs\Microsoft-Windows-Resource-Exhaustion-Resolver%4Operational.evtx,69632,f44ab1574c93d0cd29875848a0982b215ae13a93ae6da050cde59d4b3d28b76b,2021-07-08T01:14:27.5278402Z,2021-07-08T01:14:27.5278402Z,2021-07-08T01:14:27.5278402Z,Windows.Collectors.File/Uploads
1626012392,C:\Windows\System32\winevt\Logs\Microsoft-Windows-RemoteAssistance%4Operational.evtx,C:\Windows\System32\winevt\Logs\Microsoft-Windows-RemoteAssistance%4Operational.evtx,69632,5f5031cd7b3973bb80d0412bf9ef0474215446af3c4474a82a5dc612aa696e4d,2021-07-08T01:14:27.5278402Z,2021-07-08T01:14:27.5278402Z,2021-07-08T01:14:27.5278402Z,Windows.Collectors.File/Uploads
1626012392,C:\Windows\System32\winevt\Logs\Microsoft-Windows-PowerShell%4Operational.evtx,C:\Windows\System32\winevt\Logs\Microsoft-Windows-PowerShell%4Operational.evtx,2166784,44bb52a04672c10bb17d28b272a084aa201e03e382d731146c078f3c0964c68c,2021-07-11T13:35:43.3254045Z,2021-07-11T13:35:43.3254045Z,2021-07-11T13:35:43.3254045Z,Windows.Collectors.File/Uploads
1626012392,C:\Windows\System32\winevt\Logs\Microsoft-Windows-RestartManager%4Operational.evtx,C:\Windows\System32\winevt\Logs\Microsoft-Windows-RestartManager%4Operational.evtx,69632,6deca9e699cb722576f4da2d1ec9ad22814be6045c847220ee8562f01fa1f316,2021-06-18T07:21:51.8530672Z,2021-06-18T07:21:51.8530672Z,2021-06-19T19:42:35.5035727Z,Windows.Collectors.File/Uploads
1626012392,C:\Windows\System32\winevt\Logs\Microsoft-Windows-Security-SPP-UX-Notifications%4ActionCenter.evtx,C:\Windows\System32\winevt\Logs\Microsoft-Windows-Security-SPP-UX-Notifications%4ActionCenter.evtx,69632,f3dc875640e95407c0c2df6e976feb0bb762cb3c36ce06a47b7cd3a39ac358c2,2021-06-18T07:21:51.8530672Z,2021-06-18T07:21:51.8530672Z,2021-06-18T07:21:51.8530672Z,Windows.Collectors.File/Uploads
1626012392,C:\Windows\System32\winevt\Logs\Microsoft-Windows-RemoteAssistance%4Admin.evtx,C:\Windows\System32\winevt\Logs\Microsoft-Windows-RemoteAssistance%4Admin.evtx,69632,f5f9e97a6b1ec8d46a9bd5b9d4ccae96521b85517b0337b248814d2e974a968b,2021-06-19T19:41:08.3864246Z,2021-06-19T19:41:08.3864246Z,2021-06-19T19:41:08.3864246Z,Windows.Collectors.File/Uploads
1626012392,C:\Windows\System32\winevt\Logs\Microsoft-Windows-StorageSpaces-ManagementAgent%4WHC.evtx,C:\Windows\System32\winevt\Logs\Microsoft-Windows-StorageSpaces-ManagementAgent%4WHC.evtx,69632,a5f87fbf54b24843bb80be83bf687d574d1c62462afc753b490f7013eef21099,2021-06-18T07:21:51.8530672Z,2021-06-18T07:21:51.8530672Z,2021-07-11T12:35:47.4079141Z,Windows.Collectors.File/Uploads
1626012392,C:\Windows\System32\winevt\Logs\Microsoft-Windows-Storsvc%4Diagnostic.evtx,C:\Windows\System32\winevt\Logs\Microsoft-Windows-Storsvc%4Diagnostic.evtx,69632,e87b0a62a84eeed62427f23e214eb503ff2ad52fd377d4a92e02cadb98a03e5b,2021-07-09T02:29:05.3611532Z,2021-07-09T02:29:05.3611532Z,2021-07-09T02:29:05.3611532Z,Windows.Collectors.File/Uploads
1626012392,C:\Windows\System32\winevt\Logs\Microsoft-Windows-TWinUI%4Operational.evtx,C:\Windows\System32\winevt\Logs\Microsoft-Windows-TWinUI%4Operational.evtx,69632,d146ab6b032185699662c05e0303574ed49090aecd7c4f9763d676fcf6e0e189,2021-07-11T12:34:43.4331129Z,2021-07-11T12:34:43.4331129Z,2021-07-11T12:34:43.4331129Z,Windows.Collectors.File/Uploads
1626012392,C:\Windows\System32\winevt\Logs\Microsoft-Windows-TaskScheduler%4Maintenance.evtx,C:\Windows\System32\winevt\Logs\Microsoft-Windows-TaskScheduler%4Maintenance.evtx,1052672,7f95e5a6ddb07209f40db8f746e1b7025a58a307dd87e843ec9b565d39fdeab6,2021-07-11T08:29:42.7039019Z,2021-07-11T08:29:42.7039019Z,2021-07-11T12:35:39.4706685Z,Windows.Collectors.File/Uploads
1626012392,C:\Windows\System32\winevt\Logs\Microsoft-Windows-TerminalServices-LocalSessionManager%4Operational.evtx,C:\Windows\System32\winevt\Logs\Microsoft-Windows-TerminalServices-LocalSessionManager%4Operational.evtx,69632,3ab43f02a0bf420852fb92eafe0a055f3078f9fe84b4bc9a038614202fdb4d9f,2021-07-08T02:12:43.2834668Z,2021-07-08T02:12:43.2834668Z,2021-07-08T02:12:43.2834668Z,Windows.Collectors.File/Uploads
1626012392,C:\Windows\System32\winevt\Logs\Microsoft-Windows-TerminalServices-LocalSessionManager%4Admin.evtx,C:\Windows\System32\winevt\Logs\Microsoft-Windows-TerminalServices-LocalSessionManager%4Admin.evtx,69632,f5f9e97a6b1ec8d46a9bd5b9d4ccae96521b85517b0337b248814d2e974a968b,2021-06-17T17:29:01.7142594Z,2021-06-17T17:29:01.7142594Z,2021-07-08T02:11:42.5178436Z,Windows.Collectors.File/Uploads
1626012392,C:\Windows\System32\winevt\Logs\Microsoft-Windows-User Profile Service%4Operational.evtx,C:\Windows\System32\winevt\Logs\Microsoft-Windows-User Profile Service%4Operational.evtx,69632,442ae88089fef81b078c9f4f985435e5b481a20aa76d6df2cf985a6ab25ce468,2021-07-11T12:29:06.4392884Z,2021-07-11T12:29:06.4392884Z,2021-07-11T12:29:06.4392884Z,Windows.Collectors.File/Uploads
1626012392,C:\Windows\System32\winevt\Logs\Microsoft-Windows-UserPnp%4ActionCenter.evtx,C:\Windows\System32\winevt\Logs\Microsoft-Windows-UserPnp%4ActionCenter.evtx,69632,f5f9e97a6b1ec8d46a9bd5b9d4ccae96521b85517b0337b248814d2e974a968b,2021-06-17T17:29:01.7142594Z,2021-06-17T17:29:01.7142594Z,2021-07-11T12:35:42.3756272Z,Windows.Collectors.File/Uploads
1626012392,C:\Windows\System32\winevt\Logs\Microsoft-Windows-VPN%4Operational.evtx,C:\Windows\System32\winevt\Logs\Microsoft-Windows-VPN%4Operational.evtx,69632,f5f9e97a6b1ec8d46a9bd5b9d4ccae96521b85517b0337b248814d2e974a968b,2021-07-08T01:14:27.3403493Z,2021-07-08T01:14:27.3403493Z,2021-07-08T01:14:27.3403493Z,Windows.Collectors.File/Uploads
1626012392,C:\Windows\System32\winevt\Logs\Microsoft-Windows-WER-PayloadHealth%4Operational.evtx,C:\Windows\System32\winevt\Logs\Microsoft-Windows-WER-PayloadHealth%4Operational.evtx,69632,468463fda2c44e07775777c7d7c0a3979c49a5828934f770982f08d9e8ceb4b4,2021-07-08T02:16:15.2366188Z,2021-07-08T02:16:15.2366188Z,2021-07-08T02:16:15.2366188Z,Windows.Collectors.File/Uploads
1626012392,C:\Windows\System32\winevt\Logs\Microsoft-Windows-VolumeSnapshot-Driver%4Operational.evtx,C:\Windows\System32\winevt\Logs\Microsoft-Windows-VolumeSnapshot-Driver%4Operational.evtx,69632,2dce094aa0e05035f744c0d8176bdcdf904fed4dfc08f9cd434b2a71134d01d5,2021-07-08T02:12:41.6741088Z,2021-07-08T02:12:41.6741088Z,2021-07-08T02:12:41.6741088Z,Windows.Collectors.File/Uploads
1626012392,C:\Windows\System32\winevt\Logs\Microsoft-Windows-WFP%4Operational.evtx,C:\Windows\System32\winevt\Logs\Microsoft-Windows-WFP%4Operational.evtx,69632,2c73d9b0a8b3796a829c2f4b1f368902a901ae48ccb32153448fef3c3002e3ca,2021-07-08T02:13:26.3303347Z,2021-07-08T02:13:26.3303347Z,2021-07-08T02:13:26.3303347Z,Windows.Collectors.File/Uploads
1626012392,C:\Windows\System32\winevt\Logs\Microsoft-Windows-Wcmsvc%4Operational.evtx,C:\Windows\System32\winevt\Logs\Microsoft-Windows-Wcmsvc%4Operational.evtx,69632,c7eed382ba7f6e134820a825e26fa531f87c5f0f843dc317d39759b42e8f9b5b,2021-07-08T02:13:16.3303471Z,2021-07-08T02:13:16.3303471Z,2021-07-08T02:13:16.3303471Z,Windows.Collectors.File/Uploads
1626012392,C:\Windows\System32\winevt\Logs\Microsoft-Windows-WinINet-Config%4ProxyConfigChanged.evtx,C:\Windows\System32\winevt\Logs\Microsoft-Windows-WinINet-Config%4ProxyConfigChanged.evtx,69632,6ff3dc92e55e148cc3b822e114174883b8f99350f3795b70548a233e13191a6f,2021-06-19T19:41:08.3864246Z,2021-06-19T19:41:08.3864246Z,2021-07-08T02:09:57.5334661Z,Windows.Collectors.File/Uploads
1626012392,C:\Windows\System32\winevt\Logs\Microsoft-Windows-WebAuthN%4Operational.evtx,C:\Windows\System32\winevt\Logs\Microsoft-Windows-WebAuthN%4Operational.evtx,69632,b39ec66fe0e5ead6e867f834ce00751b6674cf52dc9d7e2c673831f2d7f54732,2021-07-08T02:12:16.6584596Z,2021-07-08T02:12:16.6584596Z,2021-07-08T02:12:16.6584596Z,Windows.Collectors.File/Uploads
1626012392,C:\Windows\System32\winevt\Logs\Microsoft-Windows-WinRM%4Operational.evtx,C:\Windows\System32\winevt\Logs\Microsoft-Windows-WinRM%4Operational.evtx,1052672,6d8396663ee0a8a1c6531b1af3774c4f9f2f9fbdf153ebeca62c0db7fc8fa835,2021-07-08T02:11:15.6272091Z,2021-07-08T02:11:15.6272091Z,2021-07-08T02:11:15.6272091Z,Windows.Collectors.File/Uploads
1626012392,C:\Windows\System32\winevt\Logs\Microsoft-Windows-Windows Defender%4WHC.evtx,C:\Windows\System32\winevt\Logs\Microsoft-Windows-Windows Defender%4WHC.evtx,69632,f5f9e97a6b1ec8d46a9bd5b9d4ccae96521b85517b0337b248814d2e974a968b,2021-06-17T17:29:01.7142594Z,2021-06-17T17:29:01.7142594Z,2021-07-11T12:35:38.7501168Z,Windows.Collectors.File/Uploads
1626012392,C:\Windows\System32\winevt\Logs\Microsoft-Windows-Shell-Core%4Operational.evtx,C:\Windows\System32\winevt\Logs\Microsoft-Windows-Shell-Core%4Operational.evtx,1052672,bf40442a73081106a977aeebcebb9bdcfc7b98324ad461b11c9a93f6d1a33c95,2021-07-11T12:30:11.6957474Z,2021-07-11T12:30:11.6957474Z,2021-07-11T12:30:11.6957474Z,Windows.Collectors.File/Uploads
1626012392,C:\Windows\System32\winevt\Logs\Microsoft-Windows-Windows Firewall With Advanced Security%4ConnectionSecurity.evtx,C:\Windows\System32\winevt\Logs\Microsoft-Windows-Windows Firewall With Advanced Security%4ConnectionSecurity.evtx,69632,f5f9e97a6b1ec8d46a9bd5b9d4ccae96521b85517b0337b248814d2e974a968b,2021-06-17T17:29:01.7142594Z,2021-06-17T17:29:01.7142594Z,2021-07-08T02:12:34.6740909Z,Windows.Collectors.File/Uploads
1626012392,C:\Windows\System32\winevt\Logs\Microsoft-Windows-Windows Firewall With Advanced Security%4FirewallDiagnostics.evtx,C:\Windows\System32\winevt\Logs\Microsoft-Windows-Windows Firewall With Advanced Security%4FirewallDiagnostics.evtx,69632,fbcbfd055c6cd3f0768769614d7cbb999a3e65c6f4008a587fa0e4ce48418c6b,2021-07-08T02:13:43.283476Z,2021-07-08T02:13:43.283476Z,2021-07-08T02:13:43.283476Z,Windows.Collectors.File/Uploads
1626012392,C:\Windows\System32\winevt\Logs\Microsoft-Windows-WindowsBackup%4ActionCenter.evtx,C:\Windows\System32\winevt\Logs\Microsoft-Windows-WindowsBackup%4ActionCenter.evtx,69632,659153ae305f4741a5f5f41101876693633ee3dd9483ab51f920a5903ecf2f84,2021-06-18T07:21:51.8530672Z,2021-06-18T07:21:51.8530672Z,2021-07-11T12:35:38.639565Z,Windows.Collectors.File/Uploads
1626012392,C:\Windows\System32\winevt\Logs\Microsoft-Windows-Winlogon%4Operational.evtx,C:\Windows\System32\winevt\Logs\Microsoft-Windows-Winlogon%4Operational.evtx,1052672,22563e363411449e1f69ba9ee3320cbf09e8b43df322ec1fbeb23eb4e65d0959,2021-07-08T02:12:52.4865911Z,2021-07-08T02:12:52.4865911Z,2021-07-08T02:12:52.4865911Z,Windows.Collectors.File/Uploads
1626012392,C:\Windows\System32\winevt\Logs\Microsoft-Windows-WorkFolders%4WHC.evtx,C:\Windows\System32\winevt\Logs\Microsoft-Windows-WorkFolders%4WHC.evtx,69632,06d7e12e25267a486a850bec86b29e283f620804de428ed6e8c0c05e21d1e52c,2021-06-18T07:21:51.8530672Z,2021-06-18T07:21:51.8530672Z,2021-07-11T12:35:47.9104623Z,Windows.Collectors.File/Uploads
1626012392,C:\Windows\System32\winevt\Logs\Microsoft-Windows-Shell-Core%4AppDefaults.evtx,C:\Windows\System32\winevt\Logs\Microsoft-Windows-Shell-Core%4AppDefaults.evtx,1052672,010d5677928b50f5b8f18bd8349eb58e89d1f100950726563d4b29db9e61345d,2021-07-11T12:30:11.775023Z,2021-07-11T12:30:11.775023Z,2021-07-11T12:30:11.775023Z,Windows.Collectors.File/Uploads
1626012392,C:\Windows\System32\winevt\Logs\Setup.evtx,C:\Windows\System32\winevt\Logs\Setup.evtx,69632,64b31da68f3321b96c3142dd412715f202a6b48b7aa3309309f0c787856dd113,2021-07-08T02:23:50.4269092Z,2021-07-08T02:23:50.4269092Z,2021-07-08T02:23:50.4269092Z,Windows.Collectors.File/Uploads
1626012393,C:\Windows\System32\winevt\Logs\Microsoft-Windows-StateRepository%4Operational.evtx,C:\Windows\System32\winevt\Logs\Microsoft-Windows-StateRepository%4Operational.evtx,1118208,c409f77252a70d4ada54f92c7e701dea7a749f06458eeb61932db8c9da02da11,2021-07-09T16:34:02.9800192Z,2021-07-09T16:34:02.9800192Z,2021-07-09T16:34:02.9800192Z,Windows.Collectors.File/Uploads
1626012393,C:\Windows\System32\winevt\Logs\Microsoft-Windows-PushNotification-Platform%4Operational.evtx,C:\Windows\System32\winevt\Logs\Microsoft-Windows-PushNotification-Platform%4Operational.evtx,1052672,e964c50bcc0e0740bb2cdce909dde651cc2571544d4f6f2e5b38afe3ca2a27e3,2021-07-08T07:50:31.8321885Z,2021-07-08T07:50:31.8321885Z,2021-07-08T07:50:31.8321885Z,Windows.Collectors.File/Uploads
1626012393,C:\Windows\System32\winevt\Logs\Microsoft-Windows-GroupPolicy%4Operational.evtx,C:\Windows\System32\winevt\Logs\Microsoft-Windows-GroupPolicy%4Operational.evtx,4198400,381d147bc6011c0dd2eccc92e14ccdb16cfa33bd3d7ed1290b24f7b5b3fbef32,2021-07-11T11:35:23.1659814Z,2021-07-11T11:35:23.1659814Z,2021-07-11T11:35:23.1659814Z,Windows.Collectors.File/Uploads
1626012393,C:\Windows\System32\winevt\Logs\Microsoft-Windows-UniversalTelemetryClient%4Operational.evtx,C:\Windows\System32\winevt\Logs\Microsoft-Windows-UniversalTelemetryClient%4Operational.evtx,1052672,b5560de2d92124c00f42a5be18baf4d0c00b738050bf7540582965aea39bdc1c,2021-07-11T11:20:20.9417931Z,2021-07-11T11:20:20.9417931Z,2021-07-11T11:20:20.9417931Z,Windows.Collectors.File/Uploads
1626012393,C:\Windows\System32\winevt\Logs\Microsoft-Windows-Windows Defender%4Operational.evtx,C:\Windows\System32\winevt\Logs\Microsoft-Windows-Windows Defender%4Operational.evtx,1052672,c19fd7e9be5b489e94120492c32b41c529f33a6fc1b92dc3abdd2d2cc60d60b4,2021-07-09T20:33:42.144651Z,2021-07-09T20:33:42.144651Z,2021-07-09T20:33:42.144651Z,Windows.Collectors.File/Uploads
1626012393,C:\Windows\System32\winevt\Logs\Microsoft-Windows-TZSync%4Operational.evtx,C:\Windows\System32\winevt\Logs\Microsoft-Windows-TZSync%4Operational.evtx,69632,eb68ed675248f09ac9e682197c99d833531b36d7e3251f909a9d9604533a6481,2021-07-08T01:14:27.5278402Z,2021-07-08T01:14:27.5278402Z,2021-07-08T01:14:27.5278402Z,Windows.Collectors.File/Uploads
1626012393,C:\Windows\System32\winevt\Logs\Windows PowerShell.evtx,C:\Windows\System32\winevt\Logs\Windows PowerShell.evtx,1118208,aff9a0900895fb333a505e214abf5ec0779410a4e243d0832e8863dc6b59dae5,2021-07-11T11:40:23.1695763Z,2021-07-11T11:40:23.1695763Z,2021-07-11T11:40:23.1695763Z,Windows.Collectors.File/Uploads
1626012393,C:\Windows\System32\winevt\Logs\Microsoft-Windows-User Device Registration%4Admin.evtx,C:\Windows\System32\winevt\Logs\Microsoft-Windows-User Device Registration%4Admin.evtx,1052672,00dfbcf600b4bdce2f34ad515137ee34e4ef8963d88def996080db929a779e8b,2021-07-09T01:53:42.4760717Z,2021-07-09T01:53:42.4760717Z,2021-07-09T01:53:42.4760717Z,Windows.Collectors.File/Uploads
1626012393,C:\Windows\System32\winevt\Logs\Microsoft-Windows-Time-Service%4Operational.evtx,C:\Windows\System32\winevt\Logs\Microsoft-Windows-Time-Service%4Operational.evtx,1052672,f86d139b049ab368669422f0d02a9f0362345b187ceb688f726352385ae99b5d,2021-07-09T18:05:39.8017957Z,2021-07-09T18:05:39.8017957Z,2021-07-09T18:05:39.8017957Z,Windows.Collectors.File/Uploads
1626012393,C:\Windows\System32\winevt\Logs\Microsoft-Windows-WMI-Activity%4Operational.evtx,C:\Windows\System32\winevt\Logs\Microsoft-Windows-WMI-Activity%4Operational.evtx,1052672,22921bf6935bf5071b9229354d239aac41f024fb4b6ebd324918c7671a3fc472,2021-07-11T11:40:23.1695763Z,2021-07-11T11:40:23.1695763Z,2021-07-11T11:40:23.1695763Z,Windows.Collectors.File/Uploads
1626012393,C:\Windows\System32\winevt\Logs\Microsoft-Windows-WindowsUpdateClient%4Operational.evtx,C:\Windows\System32\winevt\Logs\Microsoft-Windows-WindowsUpdateClient%4Operational.evtx,1052672,8da89c718564b5e5275cc22b2989306fbac1d7b281b3e9ab4cdc1a2d811a49c0,2021-07-09T12:14:17.0885282Z,2021-07-09T12:14:17.0885282Z,2021-07-09T12:14:17.0885282Z,Windows.Collectors.File/Uploads
1626012393,C:\Windows\System32\winevt\Logs\Microsoft-Windows-WindowsSystemAssessmentTool%4Operational.evtx,C:\Windows\System32\winevt\Logs\Microsoft-Windows-WindowsSystemAssessmentTool%4Operational.evtx,69632,a3f1da1178b5abcf4dddcdad979a3c6d7ec0727bb7d655d650f2b48564beddaa,2021-06-19T19:41:08.3864246Z,2021-06-19T19:41:08.3864246Z,2021-06-19T19:41:08.3864246Z,Windows.Collectors.File/Uploads
1626012393,C:\Windows\System32\winevt\Logs\Microsoft-Windows-Windows Firewall With Advanced Security%4Firewall.evtx,C:\Windows\System32\winevt\Logs\Microsoft-Windows-Windows Firewall With Advanced Security%4Firewall.evtx,1052672,a81aff63fd595b3097ce6b2ac7cb62997214f9f2eddf6b642554cff9bb48ce6a,2021-07-11T00:32:32.1969474Z,2021-07-11T00:32:32.1969474Z,2021-07-11T00:32:32.1969474Z,Windows.Collectors.File/Uploads
1626012393,C:\Windows\System32\winevt\Logs\System.evtx,C:\Windows\System32\winevt\Logs\System.evtx,1118208,b1886b0131204a54eb21f708e94729b5948d9f81820e7ee77a2e2ac9e4c4c56a,2021-07-11T12:53:25.3728803Z,2021-07-11T12:53:25.3728803Z,2021-07-11T12:58:48.5490111Z,Windows.Collectors.File/Uploads
1626012393,C:\Windows\System32\winevt\Logs\Microsoft-Windows-UserPnp%4DeviceInstall.evtx,C:\Windows\System32\winevt\Logs\Microsoft-Windows-UserPnp%4DeviceInstall.evtx,69632,d00b39ea21410e524a9ece4a24bb5f7e7d815e9f861af6d797f24d5a8486ea0e,2021-06-18T07:21:51.8530672Z,2021-06-18T07:21:51.8530672Z,2021-06-18T07:21:51.8530672Z,Windows.Collectors.File/Uploads
1626012415,C:\Windows\System32\winevt\Logs\Microsoft-Windows-TaskScheduler%4Operational.evtx,C:\Windows\System32\winevt\Logs\Microsoft-Windows-TaskScheduler%4Operational.evtx,10489856,90734a485e3807738b31e4a405c4c0aba3a1e0a2d3c3dd78fa0d4f86d09dba21,2021-07-09T21:12:48.3785097Z,2021-07-09T21:12:48.3785097Z,2021-07-09T21:12:48.3785097Z,Windows.Collectors.File/Uploads
1626012422,C:\Windows\System32\winevt\Logs\Microsoft-Windows-Store%4Operational.evtx,C:\Windows\System32\winevt\Logs\Microsoft-Windows-Store%4Operational.evtx,16846848,1f231b9c8b2dcdf11a0bd19f0da4729568b2ae9ff07389dd8bd053eef4decdcd,2021-07-09T12:14:17.0885282Z,2021-07-09T12:14:17.0885282Z,2021-07-09T12:14:17.0885282Z,Windows.Collectors.File/Uploads
1626012422,C:\Windows\System32\winevt\Logs\Microsoft-Windows-Sysmon%4Operational.evtx,C:\Windows\System32\winevt\Logs\Microsoft-Windows-Sysmon%4Operational.evtx,16846848,71eed5f43ab840775002f954bdb9e8122167be1bc829828c0164bf742ebe1bc1,2021-07-11T14:03:59.5322237Z,2021-07-11T14:03:59.5322237Z,2021-07-11T14:03:59.5322237Z,Windows.Collectors.File/Uploads
1626012423,C:\Windows\System32\winevt\Logs\Security.evtx,C:\Windows\System32\winevt\Logs\Security.evtx,20975616,1354398263e1ea144f45a0e4bd5bc58ec703b287f05214402b93adef27e46efa,2021-07-09T23:47:03.9019478Z,2021-07-09T23:47:03.9019478Z,2021-07-09T23:47:03.9019478Z,Windows.Collectors.File/Uploads
